${0},,
"${0} ${1} already exists.","${0} ${1} Ù…ÙˆØ¬ÙˆØ¯Ø© Ù…Ù† Ù‚Ø¨Ù„.",
"${0} ${1} does not exist","${0} ${1} ØºÙŠØ± Ù…ÙˆØ¬ÙˆØ¯",
"${0} ${1} has been modified after loading please reload entry.","${0} ${1} ØªÙ… ØªØ¹Ø¯ÙŠÙ„Ù‡ Ø¨Ø¹Ø¯ Ø§Ù„ØªØ­Ù…ÙŠÙ„ ÙŠØ±Ø¬Ù‰ Ø¥Ø¹Ø§Ø¯Ø© ØªØ­Ù…ÙŠÙ„ Ø§Ù„Ø¥Ø¯Ø®Ø§Ù„.",
"${0} ${1} is linked with existing records.","${0} ${1} Ù…Ø±Ø·Ø¨Øª Ø¨Ø³Ø¬Ù„ Ù…ÙˆØ¬ÙˆØ¯.",
"${0} account not set in Inventory Settings.","${0} Ù„Ù… ÙŠØªÙ… ØªØ¹ÙŠÙŠÙ† Ø§Ù„Ø­Ø³Ø§Ø¨ ÙÙŠ Ø¥Ø¹Ø¯Ø§Ø¯Ø§Øª Ø§Ù„Ù…Ø®Ø²ÙˆÙ†.",
"${0} already saved","${0} ØªÙ… Ø­ÙØ¸ Ø¨Ø§Ù„ÙØ¹Ù„",
"${0} already submitted","${0} ØªÙ… Ø§Ù„Ø§Ø±Ø³Ø§Ù„ Ø¨Ø§Ù„ÙØ¹Ù„",
"${0} cancelled","${0} ØªÙ… Ø§Ù„Ø§Ù„ØºØ§Ø¡",
"${0} cannot be cancelled","${0} Ù„Ø§ ÙŠÙ…ÙƒÙ† Ø§Ù„Ø§Ù„ØºØ§Ø¡",
"${0} cannot be deleted","${0} Ù„Ø§ ÙŠÙ…ÙƒÙ† Ø§Ù„Ø­Ø°Ù",
"${0} deleted","${0} ØªÙ… Ø§Ù„Ø­Ø°Ù",
"${0} entries failed","${0} ÙØ´Ù„ Ø§Ù„Ø§Ø¯Ø®Ø§Ù„",
"${0} entries imported","${0} Ø§Ù„Ø¥Ø¯Ø®Ø§Ù„Ø§Øª Ø§Ù„Ù…Ø³ØªÙˆØ±Ø¯Ø©",
"${0} entry failed","${0} ÙØ´Ù„ Ø§Ù„Ø¥Ø¯Ø®Ø§Ù„",
"${0} entry imported","${0} Ø§Ù„Ø¥Ø¯Ø®Ø§Ù„ Ù…Ø³ØªÙˆØ±Ø¯",
"${0} fields selected","${0} Ø§Ù„Ø­Ù‚ÙˆÙ„ Ø§Ù„Ù…Ø­Ø¯Ø¯Ø©",
"${0} filters applied","${0} ØªÙ… ØªØ·Ø¨ÙŠÙ‚ Ø§Ù„ÙÙŠÙ„ØªØ±",
"${0} has linked child accounts.","${0} Ù„Ø¯ÙŠÙ‡ Ø­Ø³Ø§Ø¨Ø§Øª ÙØ±Ø¹ÙŠØ© Ù…Ø±ØªØ¨Ø·Ø©.",
"${0} of type ${1} does not exist","${0} Ù…Ù† Ø§Ù„Ù†ÙˆØ¹ ${1} ØºÙŠØ± Ù…ÙˆØ¬ÙˆØ¯",
"${0} out of ${1}","${0} Ù…Ù† Ø£ØµÙ„ ${1}",
"${0} party ${1} is different from ${2}","${0} Ø§Ù„Ø·Ø±Ù ${1} ÙŠØ®ØªÙ„Ù Ø¹Ù† ${2}",
"${0} quantity 1 added.","ØªÙ…Øª Ø¥Ø¶Ø§ÙØ© ÙƒÙ…ÙŠØ© ${0} Ø¹Ø¯Ø¯ 1.",
"${0} row added.","ØªÙ…Øª Ø¥Ø¶Ø§ÙØ© ØµÙ ${0}.",
"${0} rows","${0} ØµÙÙˆÙ",
"${0} rows added.","ØªÙ…Øª Ø¥Ø¶Ø§ÙØ© ${0} ØµÙÙˆÙ.",
"${0} saved","ØªÙ… Ø­ÙØ¸ ${0}",
"${0} shortcuts","${0} Ø§Ø®ØªØµØ§Ø±Ø§Øª",
"${0} stored at ${1}","ØªÙ… ØªØ®Ø²ÙŠÙ† ${0} ÙÙŠ ${1}",
"${0} submitted","ØªÙ… ØªØ³Ø¬ÙŠÙ„ ${0}",
"${0} value ${1} does not exist.","Ù‚ÙŠÙ…Ø© ${0} ${1} ØºÙŠØ± Ù…ÙˆØ¬ÙˆØ¯Ø©.",
0%,,
03-23-2022,,
03/23/2022,,
"1 filter applied","ØªÙ… ØªØ·Ø¨ÙŠÙ‚ ÙÙ„ØªØ± ÙˆØ§Ø­Ø¯",
2022-03-23,,
"23 Mar, 2022",,
23-03-2022,,
23.03.2022,,
23/03/2022,,
9888900000,,
"From Lead","Ù…Ù† Ø§Ù„Ø¹Ù…ÙŠÙ„ Ø§Ù„Ù…Ø­ØªÙ…Ù„",
"Item Code","Ø±Ù…Ø² Ø§Ù„ØµÙ†Ù",
"A submittable entry is deleted only if it is in the cancelled state.","ÙŠÙØ­Ø°Ù Ø§Ù„Ø¥Ø¯Ø®Ø§Ù„ Ø§Ù„Ù‚Ø§Ø¨Ù„ Ù„Ù„ØªØ³Ø¬ÙŠÙ„ ÙÙ‚Ø· Ø¥Ø°Ø§ ÙƒØ§Ù† ÙÙŠ Ø­Ø§Ù„Ø© Ù…Ù„ØºØ§Ø©.",
"Account","Ø§Ù„Ø­Ø³Ø§Ø¨",
"Account ${0} does not exist.","Ø§Ù„Ø­Ø³Ø§Ø¨ ${0} ØºÙŠØ± Ù…ÙˆØ¬ÙˆØ¯.",
"Account Entries","Ø¥Ø¯Ø®Ø§Ù„Ø§Øª Ø§Ù„Ø­Ø³Ø§Ø¨",
"Account Name","Ø§Ø³Ù… Ø§Ù„Ø­Ø³Ø§Ø¨",
"Account Type","Ù†ÙˆØ¹ Ø§Ù„Ø­Ø³Ø§Ø¨",
"Accounting","Ø§Ù„Ù…Ø­Ø§Ø³Ø¨Ø©",
"Accounting Entries","Ø¥Ø¯Ø®Ø§Ù„Ø§Øª Ø§Ù„Ù…Ø­Ø§Ø³Ø¨Ø©",
"Accounting Ledger Entry","Ù‚ÙŠØ¯ Ø¯ÙØªØ± Ø§Ù„Ø£Ø³ØªØ§Ø° Ø§Ù„Ù…Ø­Ø§Ø³Ø¨ÙŠ",
"Accounting Settings","Ø¥Ø¹Ø¯Ø§Ø¯Ø§Øª Ø§Ù„Ù…Ø­Ø§Ø³Ø¨Ø©",
"Accounts","Ø§Ù„Ø­Ø³Ø§Ø¨Ø§Øª",
"Accounts Payable","Ø§Ù„Ø­Ø³Ø§Ø¨Ø§Øª Ø§Ù„Ø¯Ø§Ø¦Ù†Ø©",
"Accounts Receivable","Ø§Ù„Ø­Ø³Ø§Ø¨Ø§Øª Ø§Ù„Ù…Ø¯ÙŠÙ†Ø©",
"Accumulated Depreciation","Ø§Ù„Ø§Ø³ØªÙ‡Ù„Ø§Ùƒ Ø§Ù„Ù…ØªØ±Ø§ÙƒÙ…",
"Action","Ø¥Ø¬Ø±Ø§Ø¡",
"Active","Ù†Ø´Ø·",
"Add Account","Ø¥Ø¶Ø§ÙØ© Ø­Ø³Ø§Ø¨",
"Add Customers","Ø¥Ø¶Ø§ÙØ© Ø¹Ù…Ù„Ø§Ø¡",
"Add Group","Ø¥Ø¶Ø§ÙØ© Ù…Ø¬Ù…ÙˆØ¹Ø©",
"Add Items","Ø¥Ø¶Ø§ÙØ© Ø£ØµÙ†Ø§Ù",
"Add Row","Ø¥Ø¶Ø§ÙØ© ØµÙ",
"Add Suppliers","Ø¥Ø¶Ø§ÙØ© Ù…ÙˆØ±Ø¯ÙŠÙ†",
"Add Taxes","Ø¥Ø¶Ø§ÙØ© Ø¶Ø±Ø§Ø¦Ø¨",
"Add a few customers to create your first sales invoice","Ø£Ø¶Ù Ø¨Ø¹Ø¶ Ø§Ù„Ø¹Ù…Ù„Ø§Ø¡ Ù„Ø¥Ù†Ø´Ø§Ø¡ Ø£ÙˆÙ„ ÙØ§ØªÙˆØ±Ø© Ù…Ø¨ÙŠØ¹Ø§Øª Ù„Ùƒ",
"Add a few suppliers to create your first purchase invoice","Ø£Ø¶Ù Ø¨Ø¹Ø¶ Ø§Ù„Ù…ÙˆØ±Ø¯ÙŠÙ† Ù„Ø¥Ù†Ø´Ø§Ø¡ Ø£ÙˆÙ„ ÙØ§ØªÙˆØ±Ø© Ø´Ø±Ø§Ø¡ Ù„Ùƒ",
"Add a filter","Ø¥Ø¶Ø§ÙØ© Ø¹Ø§Ù…Ù„ ØªØµÙÙŠØ©",
"Add a remark","Ø¥Ø¶Ø§ÙØ© Ù…Ù„Ø§Ø­Ø¸Ø©",
"Add attachment","Ø¥Ø¶Ø§ÙØ© Ù…Ø±ÙÙ‚",
"Add invoice terms","Ø¥Ø¶Ø§ÙØ© Ø´Ø±ÙˆØ· Ø§Ù„ÙØ§ØªÙˆØ±Ø©",
"Add products or services that you buy from your suppliers","Ø£Ø¶Ù Ø§Ù„Ù…Ù†ØªØ¬Ø§Øª Ø£Ùˆ Ø§Ù„Ø®Ø¯Ù…Ø§Øª Ø§Ù„ØªÙŠ ØªØ´ØªØ±ÙŠÙ‡Ø§ Ù…Ù† Ø§Ù„Ù…ÙˆØ±Ø¯ÙŠÙ†",
"Add products or services that you sell to your customers","Ø£Ø¶Ù Ø§Ù„Ù…Ù†ØªØ¬Ø§Øª Ø£Ùˆ Ø§Ù„Ø®Ø¯Ù…Ø§Øª Ø§Ù„ØªÙŠ ØªØ¨ÙŠØ¹Ù‡Ø§ Ù„Ø¹Ù…Ù„Ø§Ø¦Ùƒ",
"Add transfer terms","Ø¥Ø¶Ø§ÙØ© Ø´Ø±ÙˆØ· Ø§Ù„ØªØ­ÙˆÙŠÙ„",
"Add'l Discounts","Ø®ØµÙˆÙ…Ø§Øª Ø¥Ø¶Ø§ÙÙŠØ©",
"Additional ${0} Serial Numbers required for ${1} quantity of ${2}.","Ù‡Ù†Ø§Ùƒ Ø­Ø§Ø¬Ø© Ø¥Ù„Ù‰ ${0} Ø£Ø±Ù‚Ø§Ù… ØªØ³Ù„Ø³Ù„ÙŠØ© Ø¥Ø¶Ø§ÙÙŠØ© Ù„ÙƒÙ…ÙŠØ© ${1} Ù…Ù† ${2}.",
"Additional quantity (${0}) required${1} to make outward transfer of item ${2} from ${3} on ${4}","Ø§Ù„ÙƒÙ…ÙŠØ© Ø§Ù„Ø¥Ø¶Ø§ÙÙŠØ© (${0}) Ø§Ù„Ù…Ø·Ù„ÙˆØ¨Ø©${1} Ù„Ø¥Ø¬Ø±Ø§Ø¡ ØªØ­ÙˆÙŠÙ„ Ø®Ø§Ø±Ø¬ÙŠ Ù„Ù„ØµÙ†Ù ${2} Ù…Ù† ${3} Ø¨ØªØ§Ø±ÙŠØ® ${4}",
Address,Ø§Ù„Ø¹Ù†ÙˆØ§Ù†,
"Address Display","Ø¹Ø±Ø¶ Ø§Ù„Ø¹Ù†ÙˆØ§Ù†",
"Address Line 1","Ø³Ø·Ø± Ø§Ù„Ø¹Ù†ÙˆØ§Ù† 1",
"Address Line 2","Ø³Ø·Ø± Ø§Ù„Ø¹Ù†ÙˆØ§Ù† 2",
"Address Name",,
"Administrative Expenses","Ù…ØµØ§Ø±ÙŠÙ Ø¥Ø¯Ø§Ø±ÙŠØ©",
"All","Ø§Ù„ÙƒÙ„",
"Amount","Ø§Ù„Ù…Ø¨Ù„Øº",
"Amount Paid","Ø§Ù„Ù…Ø¨Ù„Øº Ø§Ù„Ù…Ø¯ÙÙˆØ¹",
"Amount: ${0} and writeoff: ${1} is less than the total amount allocated to references: ${2}.","Ø§Ù„Ù…Ø¨Ù„Øº: ${0} ÙˆØ§Ù„Ø´Ø·Ø¨: ${1} Ø£Ù‚Ù„ Ù…Ù† Ø¥Ø¬Ù…Ø§Ù„ÙŠ Ø§Ù„Ù…Ø¨Ù„Øº Ø§Ù„Ù…Ø®ØµØµ Ù„Ù„Ù…Ø±Ø§Ø¬Ø¹: ${2}.",
"Amount: ${0} is less than the total amount allocated to references: ${1}.","Ø§Ù„Ù…Ø¨Ù„Øº: ${0} Ø£Ù‚Ù„ Ù…Ù† Ø¥Ø¬Ù…Ø§Ù„ÙŠ Ø§Ù„Ù…Ø¨Ù„Øº Ø§Ù„Ù…Ø®ØµØµ Ù„Ù„Ù…Ø±Ø§Ø¬Ø¹: ${1}.",
"Amounts","Ø§Ù„Ù…Ø¨Ø§Ù„Øº",
"An entry is cancelled only if it is in the submitted state.","ÙŠÙÙ„ØºÙ‰ Ø§Ù„Ø¥Ø¯Ø®Ø§Ù„ ÙÙ‚Ø· Ø¥Ø°Ø§ ÙƒØ§Ù† ÙÙŠ Ø­Ø§Ù„Ø© Ù…Ø³Ø¬Ù‘ÙŽÙ„Ø©.",
"An entry is submitted only if it is submittable and is in the saved state.","ÙŠÙØ³Ø¬Ù‘ÙŽÙ„ Ø§Ù„Ø¥Ø¯Ø®Ø§Ù„ ÙÙ‚Ø· Ø¥Ø°Ø§ ÙƒØ§Ù† Ù‚Ø§Ø¨Ù„Ø§Ù‹ Ù„Ù„ØªØ³Ø¬ÙŠÙ„ ÙˆÙÙŠ Ø­Ø§Ù„Ø© Ù…Ø­ÙÙˆØ¸Ø©.",
"An error occurred.","Ø­Ø¯Ø« Ø®Ø·Ø£",
"Applicable anywhere in Viti Books","ÙŠÙ†Ø·Ø¨Ù‚ ÙÙŠ Ø£ÙŠ Ù…ÙƒØ§Ù† Ø¶Ù…Ù† Frappe Books",
"Applicable when Quick Search is open","ÙŠÙ†Ø·Ø¨Ù‚ Ø¹Ù†Ø¯ ÙØªØ­ Ø§Ù„Ø¨Ø­Ø« Ø§Ù„Ø³Ø±ÙŠØ¹",
"Applicable when Template Builder is open","ÙŠÙ†Ø·Ø¨Ù‚ Ø¹Ù†Ø¯ ÙØªØ­ Ù…Ù†Ø´Ø¦ Ø§Ù„Ù‚ÙˆØ§Ù„Ø¨",
"Applicable when a entry is open in the Form view or Quick Edit view","ÙŠÙ†Ø·Ø¨Ù‚ Ø¹Ù†Ø¯ ÙØªØ­ Ø¥Ø¯Ø®Ø§Ù„ ÙÙŠ Ø¹Ø±Ø¶ Ø§Ù„Ù†Ù…ÙˆØ°Ø¬ Ø£Ùˆ Ø¹Ø±Ø¶ Ø§Ù„ØªØ­Ø±ÙŠØ± Ø§Ù„Ø³Ø±ÙŠØ¹",
"Applicable when the List View of an entry type is open","ÙŠÙ†Ø·Ø¨Ù‚ Ø¹Ù†Ø¯ ÙØªØ­ Ø¹Ø±Ø¶ Ø§Ù„Ù‚Ø§Ø¦Ù…Ø© Ù„Ù†ÙˆØ¹ Ø§Ù„Ø¥Ø¯Ø®Ø§Ù„",
"Application of Funds (Assets)","ØªØ·Ø¨ÙŠÙ‚ Ø§Ù„Ø£Ù…ÙˆØ§Ù„ (Ø§Ù„Ø£ØµÙˆÙ„)",
"Apply Discount After Tax","ØªØ·Ø¨ÙŠÙ‚ Ø§Ù„Ø®ØµÙ… Ø¨Ø¹Ø¯ Ø§Ù„Ø¶Ø±ÙŠØ¨Ø©",
"Apply and view changes made to the print template","ØªØ·Ø¨ÙŠÙ‚ ÙˆØ¹Ø±Ø¶ Ø§Ù„ØªØºÙŠÙŠØ±Ø§Øª Ø§Ù„ØªÙŠ ØªÙ… Ø¥Ø¬Ø±Ø§Ø¤Ù‡Ø§ Ø¹Ù„Ù‰ Ù‚Ø§Ù„Ø¨ Ø§Ù„Ø·Ø¨Ø§Ø¹Ø©",
"April","Ø£Ø¨Ø±ÙŠÙ„",
"Arial","Arial",
"Ascending Order","ØªØ±ØªÙŠØ¨ ØªØµØ§Ø¹Ø¯ÙŠ",
"Asset","Ø£ØµÙ„",
"Attach Image","Ø¥Ø±ÙØ§Ù‚ ØµÙˆØ±Ø©",
"Attachment","Ø§Ù„Ù…Ø±ÙÙ‚Ø§Øª",
"August","Ø£ØºØ³Ø·Ø³",
"Auto Payments","Ø§Ù„Ù…Ø¯ÙÙˆØ¹Ø§Øª Ø§Ù„ØªÙ„Ù‚Ø§Ø¦ÙŠØ©",
"Auto Stock Transfer","Ø§Ù„Ù†Ù‚Ù„ Ø§Ù„ØªÙ„Ù‚Ø§Ø¦ÙŠ Ù„Ù„Ù…Ø®Ø²ÙˆÙ†",
"Autocomplete","Ø§Ù„Ø¥ÙƒÙ…Ø§Ù„ Ø§Ù„ØªÙ„Ù‚Ø§Ø¦ÙŠ",
"Back","Ø±Ø¬ÙˆØ¹",
"Back Reference","Ù…Ø±Ø¬Ø¹ Ø®Ù„ÙÙŠ",
"Bad import data, could not read file.","Ø¨ÙŠØ§Ù†Ø§Øª Ø§Ø³ØªÙŠØ±Ø§Ø¯ ØºÙŠØ± ØµØ­ÙŠØ­Ø©ØŒ ØªØ¹Ø°Ø± Ù‚Ø±Ø§Ø¡Ø© Ø§Ù„Ù…Ù„Ù.",
"Balance","Ø§Ù„Ø±ØµÙŠØ¯",
"Balance Amount","Ù…Ø¨Ù„Øº Ø§Ù„Ø±ØµÙŠØ¯",
"Balance Sheet","Ø§Ù„Ù…ÙŠØ²Ø§Ù†ÙŠØ© Ø§Ù„Ø¹Ù…ÙˆÙ…ÙŠØ©",
"Bank","Ø¨Ù†Ùƒ",
"Bank Accounts","Ø­Ø³Ø§Ø¨Ø§Øª Ø¨Ù†ÙƒÙŠØ©",
"Bank Entry","Ø§Ø¯Ø®Ø§Ù„Ø§Øª Ø§Ù„Ø¨Ù†ÙˆÙƒ",
"Bank Name","Ø§Ø³Ù… Ø§Ù„Ø¨Ù†Ùƒ",
"Bank Overdraft Account","Ø­Ø³Ø§Ø¨ Ù…ØµØ±ÙÙŠ Ø§Ù„Ø³Ø­Ø¨ Ø¹Ù„Ù‰ Ø§Ù„Ù…ÙƒØ´ÙˆÙ",
"Barcode","Ø§Ù„Ø¨Ø§Ø±ÙƒÙˆØ¯",
"Base Grand Total","Ø¥Ø¬Ù…Ø§Ù„ÙŠ Ø§Ù„Ù…Ø¨Ù„Øº Ø§Ù„Ø£Ø³Ø§Ø³ÙŠ",
"Based On","Ø§Ø³ØªÙ†Ø§Ø¯Ù‹Ø§ Ø¥Ù„Ù‰",
"Batch","Ø¯ÙØ¹Ø©",
"Batch not set for row ${0}.","Ù„Ù… ÙŠØªÙ… ØªØ¹ÙŠÙŠÙ† Ø§Ù„Ø¯ÙØ¹Ø© Ù„Ù„ØµÙ ${0}.",
"Batch set for row ${0}.","ØªÙ… ØªØ¹ÙŠÙŠÙ† Ø§Ù„Ø¯ÙØ¹Ø© Ù„Ù„ØµÙ ${0}.",
"Bill Created","ØªÙ… Ø¥Ù†Ø´Ø§Ø¡ Ø§Ù„ÙØ§ØªÙˆØ±Ø©",
"Billing","Ø§Ù„ÙÙˆØªØ±Ø©",
"Black","Ø£Ø³ÙˆØ¯",
"Blue","Ø£Ø²Ø±Ù‚",
"Both","ÙƒÙ„Ø§Ù‡Ù…Ø§",
"Both From and To Location cannot be undefined","Ù„Ø§ ÙŠÙ…ÙƒÙ† Ø£Ù† ÙŠÙƒÙˆÙ† ÙƒÙ„ Ù…Ù† Ù…ÙˆÙ‚Ø¹ Ø§Ù„Ø¥Ø±Ø³Ø§Ù„ ÙˆØ§Ù„Ø§Ø³ØªÙ„Ø§Ù… ØºÙŠØ± Ù…Ø­Ø¯Ø¯",
"Buildings","Ø§Ù„Ù…Ø¨Ø§Ù†ÙŠ",
"Cancel","Ø¥Ù„ØºØ§Ø¡",
"Cancel ${0}?","Ø¥Ù„ØºØ§Ø¡ ${0}ØŸ",
"Cancel or Delete an entry.","Ø¥Ù„ØºØ§Ø¡ Ø£Ùˆ Ø­Ø°Ù Ø¥Ø¯Ø®Ø§Ù„.",
"Cancelled","Ù…Ù„ØºØ§Ø©",
"Cannot Commit Error","Ù„Ø§ ÙŠÙ…ÙƒÙ† ØªÙ†ÙÙŠØ° Ø§Ù„Ø§Ù„ØªØ²Ø§Ù… (Ø®Ø·Ø£)",
"Cannot Delete","Ù„Ø§ ÙŠÙ…ÙƒÙ† Ø§Ù„Ø­Ø°Ù",
"Cannot Delete Account","Ù„Ø§ ÙŠÙ…ÙƒÙ† Ø­Ø°Ù Ø§Ù„Ø­Ø³Ø§Ø¨",
"Cannot Export","Ù„Ø§ ÙŠÙ…ÙƒÙ† Ø§Ù„ØªØµØ¯ÙŠØ±",
"Cannot Import","Ù„Ø§ ÙŠÙ…ÙƒÙ† Ø§Ù„Ø§Ø³ØªÙŠØ±Ø§Ø¯",
"Cannot Open File","Ù„Ø§ ÙŠÙ…ÙƒÙ† ÙØªØ­ Ø§Ù„Ù…Ù„Ù",
"Cannot cancel ${0} ${1} because of the following ${2}: ${3}","Ù„Ø§ ÙŠÙ…ÙƒÙ† Ø¥Ù„ØºØ§Ø¡ ${0} ${1} Ø¨Ø³Ø¨Ø¨ ${2} Ø§Ù„ØªØ§Ù„ÙŠ: ${3}",
"Cannot cancel ${0} because of the following ${1}: ${2}","Ù„Ø§ ÙŠÙ…ÙƒÙ† Ø¥Ù„ØºØ§Ø¡ ${0} Ø¨Ø³Ø¨Ø¨ ${1} Ø§Ù„ØªØ§Ù„ÙŠ: ${2}",
"Cannot delete ${0} \"${1}\" because of linked entries.","Ù„Ø§ ÙŠÙ…ÙƒÙ† Ø­Ø°Ù ${0} \"${1}\" Ø¨Ø³Ø¨Ø¨ Ø¥Ø¯Ø®Ø§Ù„Ø§Øª Ù…Ø±ØªØ¨Ø·Ø©.",
"Cannot open file","Ù„Ø§ ÙŠÙ…ÙƒÙ† ÙØªØ­ Ø§Ù„Ù…Ù„Ù",
"Cannot perform operation.","Ù„Ø§ ÙŠÙ…ÙƒÙ† ØªÙ†ÙÙŠØ° Ø§Ù„Ø¹Ù…Ù„ÙŠØ©.",
"Cannot read file","Ù„Ø§ ÙŠÙ…ÙƒÙ† Ù‚Ø±Ø§Ø¡Ø© Ø§Ù„Ù…Ù„Ù",
"Capital Equipments","Ù…Ø¹Ø¯Ø§Øª Ø±Ø£Ø³ Ø§Ù„Ù…Ø§Ù„",
"Capital Stock","Ø±Ø£Ø³ Ø§Ù„Ù…Ø§Ù„",
Cash,Ù†Ù‚Ø¯,
"Cash Denominations",,
"Cash Entry","Ù‚ÙŠÙˆØ¯ Ø§Ù„Ù†Ù‚Ø¯ÙŠØ©",
"Cash In Hand","Ù†Ù‚Ø¯Ø§ ÙÙŠ Ø§Ù„ÙŠØ¯",
Cashflow,"Ø§Ù„ØªØ¯ÙÙ‚ Ø§Ù„Ù†Ù‚Ø¯ÙŠ",
"Central Tax","Ø§Ù„Ø¶Ø±Ø§Ø¦Ø¨ Ø§Ù„Ù…Ø±ÙƒØ²ÙŠØ©",
"Change DB","ØªØºÙŠÙŠØ± Ù‚Ø§Ø¹Ø¯Ø© Ø§Ù„Ø¨ÙŠØ§Ù†Ø§Øª ",
"Change File","ØªØºÙŠÙŠØ± Ø§Ù„Ù…Ù„Ù",
"Change Ref Type","ØªØºÙŠØ± Ù†ÙˆØ¹ Ø§Ù„Ù…Ø±Ø¬Ø¹",
"Changes made to settings will be visible on reload.","Ø§Ù„ØªØºÙŠÙŠØ±Ø§Øª Ø§Ù„ØªÙŠ ØªÙ… Ø¥Ø¬Ø±Ø§Ø¤Ù‡Ø§ Ø¹Ù„Ù‰ Ø§Ù„Ø¥Ø¹Ø¯Ø§Ø¯Ø§Øª Ø³ØªØ¸Ù‡Ø± Ø¨Ø¹Ø¯ Ø¥Ø¹Ø§Ø¯Ø© Ø§Ù„ØªØ­Ù…ÙŠÙ„.",
Chargeable,,
"Chart Of Accounts Reviewed","Ù…Ø±Ø§Ø¬Ø¹Ø© Ø¯Ù„ÙŠÙ„ Ø§Ù„Ø­Ø³Ø§Ø¨Ø§Øª",
"Chart of Accounts","Ø¯Ù„ÙŠÙ„ Ø§Ù„Ø­Ø³Ø§Ø¨Ø§Øª",
Check,,
Cheque,"Ø´ÙŠÙƒ Ù…ØµØ±ÙÙ‰",
"City / Town","Ø§Ù„Ù…Ø¯ÙŠÙ†Ø© / Ø§Ù„Ø¨Ù„Ø¯Ø©",
Clear,ÙˆØ§Ø¶Ø­,
"Clearance Date","ØªØ§Ø±ÙŠØ® Ø§Ù„ØªØ®Ù„ÙŠØµ",
Close,Ø¥ØºÙ„Ø§Ù‚,
"Close Viti Books and try manually.",,
"Close POS Shift",,
"Close Quick Search",,
Closing,Ø§ØºÙ„Ø§Ù‚,
"Closing ${0} Amount can not be negative.",,
"Closing (Cr)","(Cr) Ø¥ØºÙ„Ø§Ù‚",
"Closing (Dr)","(Dr) Ø¥ØºÙ„Ø§Ù‚",
"Closing Amount",,
"Closing Cash In Denominations",,
"Closing Date",,
Collapse,,
Color,Ø§Ù„Ù„ÙˆÙ†,
"Commission on Sales","Ø¹Ù…ÙˆÙ„Ø© Ø¹Ù„Ù‰ Ø§Ù„Ù…Ø¨ÙŠØ¹Ø§Øª",
Common,Ø¹Ø§Ù…,
Company,,
"Company Logo","Ø´Ø¹Ø§Ø± Ø§Ù„Ø´Ø±ÙƒØ©",
"Company Name","Ø§Ø³Ù… Ø§Ù„Ø´Ø±ÙƒØ©",
"Company Setup","Ø¥Ø¹Ø¯Ø§Ø¯ Ø§Ù„Ø´Ø±ÙƒØ©",
Completed,Ù…ÙƒØªÙ…Ù„,
Condition,Ø´Ø±Ø·,
"Consolidate Columns","Ø¯Ù…Ø¬ Ø§Ù„Ø§Ø¹Ù…Ø¯Ø©",
Contacts,"  Ø¨ÙŠØ§Ù†Ø§Øª Ø§Ù„Ø§ØªØµØ§Ù„",
Contains,ÙŠØ­ØªÙˆÙŠ,
"Continue submitting Sales Invoice?",,
"Contra Entry",,
"Conversion Error",,
"Conversion Factor","Ø¹Ø§Ù…Ù„ Ø§Ù„ØªØ­ÙˆÙŠÙ„",
"Cost Of Goods Sold Acc."," Ø­Ø³Ø§Ø¨ ØªÙƒÙ„ÙØ© Ø§Ù„Ø¨Ø¶Ø§Ø¹Ø© Ø§Ù„Ù…Ø¨Ø§Ø¹Ø© ",
"Cost of Goods Sold","ØªÙƒÙ„ÙØ© Ø§Ù„Ø¨Ø¶Ø§Ø¦Ø¹ Ø§Ù„Ù…Ø¨Ø§Ø¹Ø©",
"Could not connect to database file ${0}, please select the file manually",,
Count,,
"Counter Cash Account",,
Country,Ø§Ù„Ø¨Ù„Ø¯,
"Country Code","ÙƒÙˆØ¯ Ø§Ù„Ø¨Ù„Ø¯",
"Country code used to initialize regional settings.","ÙƒÙˆØ¯ Ø§Ù„Ø¨Ù„Ø¯ ÙŠØ³ØªØ®Ø¯Ù… Ù„ØªØ«Ø¨Øª Ø§Ø¹Ø¯Ø§Ø¯Ø§Øª Ø§Ù„Ø§Ù‚Ù„ÙŠÙ…ÙŠØ©",
Courier,,
Cr.,,
"Cr. ${0}",,
Create,Ø¥Ù†Ø´Ø§Ø¡,
"Create Demo","Ø§Ù†Ø´Ø§Ø¡Ù†Ù…ÙˆØ°Ø¬ ØªØ¬Ø±ÙŠØ¨ÙŠ",
"Create Purchase","Ø§Ù†Ø´Ø§Ø¡ Ù…Ø´ØªØ±ÙŠØ§Øª",
"Create Purchase Invoice",,
"Create Sale","Ø§Ù†Ø´Ø§Ø¡ Ù…Ø¨ÙŠØ¹Ø§Øª",
"Create Sales Invoice",,
"Create a demo company to try out Viti Books","Ø£Ù†Ø´Ø¦ Ø´Ø±ÙƒØ© ØªØ¬Ø±ÙŠØ¨ÙŠØ© Ù„ØªØ¬Ø±Ø¨Ø© Frappe Books",
"Create a new company and store it on your computer","Ø£Ù†Ø´Ø¦ Ø´Ø±ÙƒØ© Ø¬Ø¯ÙŠØ¯Ø© ÙˆØ®Ø²Ù‘Ù†Ù‡Ø§ Ø¹Ù„Ù‰ Ø¬Ù‡Ø§Ø²Ùƒ",
"Create a new company or select an existing one from your computer","Ø£Ù†Ø´Ø¦ Ø´Ø±ÙƒØ© Ø¬Ø¯ÙŠØ¯Ø© Ø£Ùˆ Ø§Ø®ØªØ± Ø´Ø±ÙƒØ© Ù…ÙˆØ¬ÙˆØ¯Ø© Ù…Ù† Ø¬Ù‡Ø§Ø²Ùƒ",
"Create a new entry of the same type as the List View","Ø£Ù†Ø´Ø¦ Ø¥Ø¯Ø®Ø§Ù„Ù‹Ø§ Ø¬Ø¯ÙŠØ¯Ù‹Ø§ Ù…Ù† Ù†ÙØ³ Ø§Ù„Ù†ÙˆØ¹ ÙƒÙ…Ø§ ÙÙŠ Ø¹Ø±Ø¶ Ø§Ù„Ù‚Ø§Ø¦Ù…Ø©",
"Create new ${0} entry?","Ø¥Ù†Ø´Ø§Ø¡ Ø¥Ø¯Ø®Ø§Ù„ ${0} Ø¬Ø¯ÙŠØ¯ØŸ",
"Create your first purchase invoice from the created supplier","Ø£Ù†Ø´Ø¦ Ø£ÙˆÙ„ ÙØ§ØªÙˆØ±Ø© Ø´Ø±Ø§Ø¡ Ù…Ù† Ø§Ù„Ù…ÙˆØ±Ø¯ Ø§Ù„Ø°ÙŠ ØªÙ… Ø¥Ù†Ø´Ø§Ø¤Ù‡",
"Create your first sales invoice for the created customer","Ø£Ù†Ø´Ø¦ Ø£ÙˆÙ„ ÙØ§ØªÙˆØ±Ø© Ù…Ø¨ÙŠØ¹Ø§Øª Ù„Ù„Ø¹Ù…ÙŠÙ„ Ø§Ù„Ø°ÙŠ ØªÙ… Ø¥Ù†Ø´Ø§Ø¤Ù‡",
"Created","ØªÙ… Ø§Ù„Ø¥Ù†Ø´Ø§Ø¡",
"Created By","ØªÙ… Ø§Ù„Ø¥Ù†Ø´Ø§Ø¡ Ø¨ÙˆØ§Ø³Ø·Ø©",
"Creating Items and Parties","Ø¥Ù†Ø´Ø§Ø¡ Ø§Ù„Ø£ØµÙ†Ø§Ù ÙˆØ§Ù„Ø£Ø·Ø±Ø§Ù",
"Creating Journal Entries","Ø¥Ù†Ø´Ø§Ø¡ Ù‚ÙŠÙˆØ¯ ÙŠÙˆÙ…ÙŠØ©",
"Creating Purchase Invoices","Ø¥Ù†Ø´Ø§Ø¡ ÙÙˆØ§ØªÙŠØ± Ø§Ù„Ù…Ø´ØªØ±ÙŠØ§Øª",
"Credit","Ø§Ù„Ø§Ø¦ØªÙ…Ø§Ù†",
"Credit Card Entry","Ø¥Ø¯Ø®Ø§Ù„ Ø¨Ø·Ø§Ù‚Ø© Ø§Ø¦ØªÙ…Ø§Ù†",
"Credit Note","Ø¥Ø´Ø¹Ø§Ø± Ø¯Ø§Ø¦Ù†",
"Creditors","Ø§Ù„Ø¯Ø§Ø¦Ù†ÙˆÙ†",
"Currency","Ø§Ù„Ø¹Ù…Ù„Ø©",
"Currency Name","Ø§Ø³Ù… Ø§Ù„Ø¹Ù…Ù„Ø©",
"Current","Ø§Ù„Ø­Ø§Ù„ÙŠ",
"Current Assets","Ø§Ù„Ø£ØµÙˆÙ„ Ø§Ù„Ù…ØªØ¯Ø§ÙˆÙ„Ø©",
"Current Liabilities","Ø§Ù„Ø®ØµÙˆÙ… Ø§Ù„Ù…ØªØ¯Ø§ÙˆÙ„Ø©",
"Custom Field","Ø­Ù‚Ù„ Ù…Ø®ØµØµ",
"Custom Fields","Ø­Ù‚ÙˆÙ„ Ù…Ø®ØµØµØ©",
"Custom Form","Ù†Ù…ÙˆØ°Ø¬ Ù…Ø®ØµØµ",
"Custom Hex","Ù‚ÙŠÙ…Ø© Ø³Ø¯Ø§Ø³ÙŠØ© Ù…Ø®ØµØµØ©",
"Customer","Ø§Ù„Ø¹Ù…ÙŠÙ„",
"Customer Created","ØªÙ… Ø¥Ù†Ø´Ø§Ø¡ Ø§Ù„Ø¹Ù…ÙŠÙ„",
"Customer Currency","Ø¹Ù…Ù„Ø© Ø§Ù„Ø¹Ù…ÙŠÙ„",
"Customers","Ø§Ù„Ø¹Ù…Ù„Ø§Ø¡",
"Customizations","Ø§Ù„ØªØ®ØµÙŠØµØ§Øª",
"Customize Form","ØªØ®ØµÙŠØµ Ø§Ù„Ù†Ù…ÙˆØ°Ø¬",
"Customize your invoices by adding a logo and address details","Ø®ØµØµ ÙÙˆØ§ØªÙŠØ±Ùƒ Ø¨Ø¥Ø¶Ø§ÙØ© Ø§Ù„Ø´Ø¹Ø§Ø± ÙˆØªÙØ§ØµÙŠÙ„ Ø§Ù„Ø¹Ù†ÙˆØ§Ù†",
"Dashboard","Ù„ÙˆØ­Ø© Ø§Ù„Ù…Ø¹Ù„ÙˆÙ…Ø§Øª",
"Data","Ø§Ù„Ø¨ÙŠØ§Ù†Ø§Øª",
"Database Error","Ø®Ø·Ø£ ÙÙŠ Ù‚Ø§Ø¹Ø¯Ø© Ø§Ù„Ø¨ÙŠØ§Ù†Ø§Øª",
"Database file: ${0}","Ù…Ù„Ù Ù‚Ø§Ø¹Ø¯Ø© Ø§Ù„Ø¨ÙŠØ§Ù†Ø§Øª: ${0}",
"Date","Ø§Ù„ØªØ§Ø±ÙŠØ®",
"Date Format","ØªÙ†Ø³ÙŠÙ‚ Ø§Ù„ØªØ§Ø±ÙŠØ®",
"Date Time","Ø§Ù„ØªØ§Ø±ÙŠØ® ÙˆØ§Ù„ÙˆÙ‚Øª",
"Day","Ø§Ù„ÙŠÙˆÙ…",
"Debit","Ù…Ø¯ÙŠÙ†",
"Debit Note","Ø¥Ø´Ø¹Ø§Ø± Ù…Ø¯ÙŠÙ†",
"Debtors","Ø§Ù„Ù…Ø¯ÙŠÙ†ÙˆÙ†",
"December","Ø¯ÙŠØ³Ù…Ø¨Ø±",
"Decrease print template display scale","ØªÙ‚Ù„ÙŠÙ„ Ù…Ù‚ÙŠØ§Ø³ Ø¹Ø±Ø¶ Ù‚Ø§Ù„Ø¨ Ø§Ù„Ø·Ø¨Ø§Ø¹Ø©",
"Default","Ø§ÙØªØ±Ø§Ø¶ÙŠ",
"Default Account","Ø§Ù„Ø­Ø³Ø§Ø¨ Ø§Ù„Ø§ÙØªØ±Ø§Ø¶ÙŠ",
"Default Cash Denominations","Ø§Ù„ÙØ¦Ø§Øª Ø§Ù„Ù†Ù‚Ø¯ÙŠØ© Ø§Ù„Ø§ÙØªØ±Ø§Ø¶ÙŠØ©",
"Default Location","Ø§Ù„Ù…ÙˆÙ‚Ø¹ Ø§Ù„Ø§ÙØªØ±Ø§Ø¶ÙŠ",
"Defaults","Ø§Ù„Ø¥Ø¹Ø¯Ø§Ø¯Ø§Øª Ø§Ù„Ø§ÙØªØ±Ø§Ø¶ÙŠØ©",
"Delete","Ø­Ø°Ù",
"Delete ${0}?","Ø­Ø°Ù ${0}ØŸ",
"Delete Account","Ø­Ø°Ù Ø§Ù„Ø­Ø³Ø§Ø¨",
"Delete Failed","ÙØ´Ù„ Ø§Ù„Ø­Ø°Ù",
"Delete Group","Ø­Ø°Ù Ø§Ù„Ù…Ø¬Ù…ÙˆØ¹Ø©",
"Delivered","ØªÙ… Ø§Ù„ØªØ³Ù„ÙŠÙ…",
"Denomination","Ø§Ù„ÙØ¦Ø©",
"Depreciation","Ø§Ù„Ø¥Ù‡Ù„Ø§Ùƒ",
"Depreciation Entry","Ù‚ÙŠØ¯ Ø§Ù„Ø¥Ù‡Ù„Ø§Ùƒ",
"Description","Ø§Ù„ÙˆØµÙ",
"Details","Ø§Ù„ØªÙØ§ØµÙŠÙ„",
"Difference Amount","Ù…Ø¨Ù„Øº Ø§Ù„ÙØ±Ù‚",
"Direct Expenses","Ø§Ù„Ù…ØµØ±ÙˆÙØ§Øª Ø§Ù„Ù…Ø¨Ø§Ø´Ø±Ø©",
"Direct Income","Ø§Ù„Ø¯Ø®Ù„ Ø§Ù„Ù…Ø¨Ø§Ø´Ø±",
"Directory for database file ${0} does not exist, please select the file manually","Ø¯Ù„ÙŠÙ„ Ù…Ù„Ù Ù‚Ø§Ø¹Ø¯Ø© Ø§Ù„Ø¨ÙŠØ§Ù†Ø§Øª ${0} ØºÙŠØ± Ù…ÙˆØ¬ÙˆØ¯ØŒ ÙŠØ±Ø¬Ù‰ ØªØ­Ø¯ÙŠØ¯ Ø§Ù„Ù…Ù„Ù ÙŠØ¯ÙˆÙŠÙ‹Ø§",
"Disabled","Ù…Ø¹Ø·Ù‘Ù„",
"Discount Account","Ø­Ø³Ø§Ø¨ Ø§Ù„Ø®ØµÙ…",
"Discount Account is not set.","Ù„Ù… ÙŠØªÙ… ØªØ¹ÙŠÙŠÙ† Ø­Ø³Ø§Ø¨ Ø§Ù„Ø®ØµÙ….",
"Discount Amount","Ù…Ø¨Ù„Øº Ø§Ù„Ø®ØµÙ…",
"Discount Amount (${0}) cannot be greated than Amount (${1}).","Ù„Ø§ ÙŠÙ…ÙƒÙ† Ø£Ù† ÙŠÙƒÙˆÙ† Ù…Ø¨Ù„Øº Ø§Ù„Ø®ØµÙ… (${0}) Ø£ÙƒØ¨Ø± Ù…Ù† Ø§Ù„Ù…Ø¨Ù„Øº (${1}).",
"Discount Percent","Ù†Ø³Ø¨Ø© Ø§Ù„Ø®ØµÙ…",
"Discount Percent (${0}) cannot be greater than 100.","Ù„Ø§ ÙŠÙ…ÙƒÙ† Ø£Ù† ØªÙƒÙˆÙ† Ù†Ø³Ø¨Ø© Ø§Ù„Ø®ØµÙ… (${0}) Ø£ÙƒØ¨Ø± Ù…Ù† 100.",
"Discounted Amount","Ø§Ù„Ù…Ø¨Ù„Øº Ø¨Ø¹Ø¯ Ø§Ù„Ø®ØµÙ…",
"Discounts","Ø§Ù„Ø®ØµÙˆÙ…Ø§Øª",
"Display Doc","Ø¹Ø±Ø¶ Ø§Ù„Ù…Ø³ØªÙ†Ø¯",
"Display Logo in Invoice","Ø¹Ø±Ø¶ Ø§Ù„Ø´Ø¹Ø§Ø± ÙÙŠ Ø§Ù„ÙØ§ØªÙˆØ±Ø©",
"Display Precision","Ø¯Ù‚Ø© Ø§Ù„Ø¹Ø±Ø¶",
"Display Precision should have a value between 0 and 9.","Ø¯Ù‚Ø© Ø§Ù„Ø¹Ø±Ø¶ ÙŠØ¬Ø¨ Ø£Ù† ØªÙƒÙˆÙ† Ù„Ù‡Ø§ Ù‚ÙŠÙ…Ø© Ø¨ÙŠÙ† 0 Ùˆ 9.",
"Display Scale",,
"Dividends Paid","ØªÙˆØ²ÙŠØ¹Ø§Øª Ø£Ø±Ø¨Ø§Ø­ Ù…Ø¯ÙÙˆØ¹Ø©",
"Doc ${0} ${1} not set",,
Docs,,
Documentation,Ø§Ù„ØªÙˆØ«ÙŠÙ‚,
"Does Not Contain","Ù„Ø§ ÙŠØ­ØªÙˆÙŠ",
Done,,
Dr.,,
"Dr. ${0}",,
Draft,Ù…Ø³ÙˆØ¯Ø©,
Duplicate,ØªÙƒØ±Ø§Ø±,
"Duplicate Entry",,
"Duplicate Template",,
"Duplicate columns found: ${0}",,
"Duties and Taxes","Ø§Ù„Ø±Ø³ÙˆÙ… ÙˆØ§Ù„Ø¶Ø±Ø§Ø¦Ø¨",
"Dynamic Link",,
"Earnest Money","ÙƒØ³Ø¨ Ø§Ù„Ù…Ø§Ù„",
"Electronic Equipments","Ù…Ø¹Ø¯Ø§Øª Ø¥Ù„ÙƒØªØ±ÙˆÙ†ÙŠØ©",
Email,"Ø§Ù„Ø¨Ø±ÙŠØ¯ Ø§Ù„Ø¥Ù„ÙƒØªØ±ÙˆÙ†ÙŠ",
"Email Address","Ø¹Ù†ÙˆØ§Ù† Ø§Ù„Ø¨Ø±ÙŠØ¯ Ø§Ù„Ø¥Ù„ÙƒØªØ±ÙˆÙ†ÙŠ",
Empty,ÙØ§Ø±Øº,
"Empty file selected",,
"Enable Barcodes","  ØªÙØ¹ÙŠÙ„ Ø§Ù„Ø¨Ø§Ø±ÙƒÙˆØ¯",
"Enable Batches","  ØªÙØ¹ÙŠÙ„ Ø§Ù„Ø¨Ø§ØªØ´ Ù†Ù…Ø¨Ø±",
"Enable Discount Accounting"," ØªÙØ¹ÙŠÙ„ Ø­Ø³Ø§Ø¨ Ø§Ù„Ø®ØµÙ…",
"Enable Inventory"," ØªÙØ¹ÙŠÙ„ Ø§Ù„Ù…Ø®Ø²ÙˆÙ†",
"Enable Invoice Returns",,
"Enable Point of Sale",,
"Enable Price List"," ØªÙØ¹ÙŠÙ„ Ù‚Ø§Ø¦Ù…Ø© Ø§Ù„Ø§Ø³Ø¹Ø§Ø±",
"Enable Serial Number","  ØªÙØ¹ÙŠÙ„ Ø§Ù„Ø³Ø±ÙŠØ§Ù„ Ù†Ù…Ø¨Ø±",
"Enable Stock Returns",,
"Enable UOM Conversion"," ØªÙØ¹ÙŠÙ„ Ø¥Ù…ÙƒØ§Ù†ÙŠØ© ØªØ­ÙˆÙŠÙ„ ÙˆØ­Ø¯Ø§Øª Ø§Ù„Ù‚ÙŠØ§Ø³",
"Enable Pricing Rule","ØªÙØ¹ÙŠÙ„ Ù‚Ø§Ø¹Ø¯Ø© Ø§Ù„ØªØ³Ø¹ÙŠØ±",
"Enable Coupon Code","ØªÙØ¹ÙŠÙ„ Ø±Ù…Ø² Ø§Ù„Ù‚Ø³ÙŠÙ…Ø©",
Enabled,"Ù…ÙØ¹Ù„  ",
"Enabled For","Ù…ÙØ¹Ù„  Ù„ ",
"Enter Country to load States","Ø§Ø®ØªØ§Ø± Ø§Ù„Ø¯ÙˆÙ„Ø© Ø­ØªÙ‰ ÙŠØªÙ… ØªØ­Ù…ÙŠÙ„  Ø§Ù„Ù…Ø¯Ù†",
"Enter State","Ø§Ø¯Ø®Ù„  Ø§Ù„Ù…Ø¯ÙŠÙ†Ø©",
"Enter barcode","Ø£Ø¯Ø®Ù„ Ø§Ù„Ø¨Ø§Ø±ÙƒÙˆØ¯",
"Entertainment Expenses","Ù…ØµØ§Ø±ÙŠÙ Ø§Ù„ØªØ±ÙÙŠÙ‡",
"Entry","Ø¥Ø¯Ø®Ø§Ù„",
"Entry Currency","Ø¹Ù…Ù„Ø© Ø§Ù„Ø¥Ø¯Ø®Ø§Ù„",
"Entry Label","ØªØ³Ù…ÙŠØ© Ø§Ù„Ø¥Ø¯Ø®Ø§Ù„",
"Entry No","Ø±Ù‚Ù… Ø§Ù„Ø¥Ø¯Ø®Ø§Ù„",
"Entry No.","Ø±Ù‚Ù… Ø§Ù„Ø¥Ø¯Ø®Ø§Ù„.",
"Entry Type","Ù†ÙˆØ¹ Ø§Ù„Ø¥Ø¯Ø®Ø§Ù„",
"Entry has Grand Total ${0}. Please verify amounts.","Ø§Ù„Ø¥Ø¯Ø®Ø§Ù„ ÙŠØ­ØªÙˆÙŠ Ø¹Ù„Ù‰ Ø§Ù„Ù…Ø¬Ù…ÙˆØ¹ Ø§Ù„ÙƒÙ„ÙŠ ${0}. ÙŠØ±Ø¬Ù‰ Ø§Ù„ØªØ­Ù‚Ù‚ Ù…Ù† Ø§Ù„Ù…Ø¨Ø§Ù„Øº.",
"Equity","Ø­Ù‚ÙˆÙ‚ Ø§Ù„Ù…Ù„ÙƒÙŠØ©",
"Error","Ø®Ø·Ø£",
"Exchange Gain/Loss","Ù…ÙƒØ§Ø³Ø¨/Ø®Ø³Ø§Ø¦Ø± Ø§Ù„ØµØ±Ù",
"Exchange Rate","Ø³Ø¹Ø± Ø§Ù„ØµØ±Ù",
"Excise Entry","Ø¥Ø¯Ø®Ø§Ù„ Ø§Ù„Ø±Ø³ÙˆÙ… Ø§Ù„Ø¶Ø±ÙŠØ¨ÙŠØ©",
"Existing Company","Ø´Ø±ÙƒØ© Ù…ÙˆØ¬ÙˆØ¯Ø©",
"Expand","ØªÙˆØ³ÙŠØ¹",
"Expected Amount","Ø§Ù„Ù…Ø¨Ù„Øº Ø§Ù„Ù…ØªÙˆÙ‚Ø¹",
"Expense","Ø§Ù„Ù…ØµØ±ÙˆÙ",
"Expense Account","Ø­Ø³Ø§Ø¨ Ø§Ù„Ù…ØµØ±ÙˆÙ",
"Expenses","Ø§Ù„Ù…ØµØ±ÙˆÙØ§Øª",
"Expenses Included In Valuation","Ø§Ù„Ù…ØµØ±ÙˆÙØ§Øª Ø§Ù„Ù…Ø¯Ø±Ø¬Ø© ÙÙŠ Ø§Ù„ØªÙ‚ÙŠÙŠÙ…",
"Expiry Date","ØªØ§Ø±ÙŠØ® Ø§Ù„Ø§Ù†ØªÙ‡Ø§Ø¡",
"Export","ØªØµØ¯ÙŠØ±",
"Export Failed","ÙØ´Ù„ Ø§Ù„ØªØµØ¯ÙŠØ±",
"Export Format","ØªÙ†Ø³ÙŠÙ‚ Ø§Ù„ØªØµØ¯ÙŠØ±",
"Export Successful","ØªÙ… Ø§Ù„ØªØµØ¯ÙŠØ± Ø¨Ù†Ø¬Ø§Ø­",
"Export Wizard","Ù…Ø¹Ø§Ù„Ø¬ Ø§Ù„ØªØµØ¯ÙŠØ±",
"Failed","ÙØ´Ù„",
"Fax","ÙØ§ÙƒØ³",
"Features","Ø§Ù„Ø®ØµØ§Ø¦Øµ",
"February","ÙØ¨Ø±Ø§ÙŠØ±",
"Field","Ø§Ù„Ø­Ù‚Ù„",
"Fieldname","Ø§Ø³Ù… Ø§Ù„Ø­Ù‚Ù„",
"Fieldname ${0} already exists for ${1}","Ø§Ø³Ù… Ø§Ù„Ø­Ù‚Ù„ ${0} Ù…ÙˆØ¬ÙˆØ¯ Ø¨Ø§Ù„ÙØ¹Ù„ Ù„Ù€ ${1}",
"Fieldname ${0} already used for Custom Field ${1}","Ø§Ø³Ù… Ø§Ù„Ø­Ù‚Ù„ ${0} Ù…Ø³ØªØ®Ø¯Ù… Ø¨Ø§Ù„ÙØ¹Ù„ Ù„Ù„Ø­Ù‚Ù„ Ø§Ù„Ù…Ø®ØµØµ ${1}",
"Fieldtype","Ù†ÙˆØ¹ Ø§Ù„Ø­Ù‚Ù„",
"File ${0} does not exist.","Ø§Ù„Ù…Ù„Ù ${0} ØºÙŠØ± Ù…ÙˆØ¬ÙˆØ¯.",
"File selection failed","ÙØ´Ù„ Ø§Ø®ØªÙŠØ§Ø± Ø§Ù„Ù…Ù„Ù",
"Fill","Ù…Ù„Ø¡",
"Filter","Ø§Ù„ØªØµÙÙŠØ©",
"Fiscal Year","Ø§Ù„Ø³Ù†Ø© Ø§Ù„Ù…Ø§Ù„ÙŠØ©",
"Fiscal Year End Date","ØªØ§Ø±ÙŠØ® Ù†Ù‡Ø§ÙŠØ© Ø§Ù„Ø³Ù†Ø© Ø§Ù„Ù…Ø§Ù„ÙŠØ©",
"Fiscal Year Start Date","ØªØ§Ø±ÙŠØ® Ø¨Ø¯Ø§ÙŠØ© Ø§Ù„Ø³Ù†Ø© Ø§Ù„Ù…Ø§Ù„ÙŠØ©",
"Fix Failed","ÙØ´Ù„ Ø§Ù„Ø¥ØµÙ„Ø§Ø­",
"Fixed Asset","Ø£ØµÙ„ Ø«Ø§Ø¨Øª",
"Fixed Assets","Ø§Ù„Ø£ØµÙˆÙ„ Ø§Ù„Ø«Ø§Ø¨ØªØ©",
"Float","Ø¹Ø¯Ø¯ Ø¹Ø´Ø±ÙŠ",
"Following cells have errors: ${0}.","Ø§Ù„Ø®Ù„Ø§ÙŠØ§ Ø§Ù„ØªØ§Ù„ÙŠØ© ØªØ­ØªÙˆÙŠ Ø¹Ù„Ù‰ Ø£Ø®Ø·Ø§Ø¡: ${0}.",
"Following links do not exist: ${absentLinks .map((l) =>","Ø§Ù„Ø±ÙˆØ§Ø¨Ø· Ø§Ù„ØªØ§Ù„ÙŠØ© ØºÙŠØ± Ù…ÙˆØ¬ÙˆØ¯Ø©: ${absentLinks .map((l) =>",
"Font","Ø§Ù„Ø®Ø·",
"For Purchase","Ù„Ù„Ø§Ø³ØªØ®Ø¯Ø§Ù… ÙÙŠ Ø§Ù„Ø´Ø±Ø§Ø¡",
"For Sales","Ù„Ù„Ø§Ø³ØªØ®Ø¯Ø§Ù… ÙÙŠ Ø§Ù„Ù…Ø¨ÙŠØ¹Ø§Øª",
"Forbidden Error","Ø®Ø·Ø£ ØºÙŠØ± Ù…Ø³Ù…ÙˆØ­",
"Form Section","Ù‚Ø³Ù… Ø§Ù„Ù†Ù…ÙˆØ°Ø¬",
"Form Tab","ØªØ¨ÙˆÙŠØ¨ Ø§Ù„Ù†Ù…ÙˆØ°Ø¬",
"Form Type","Ù†ÙˆØ¹ Ø§Ù„Ù†Ù…ÙˆØ°Ø¬",
"Fr","Ø§Ù„Ø¬Ù…Ø¹Ø©",
"Fraction","ÙƒØ³Ø±",
"Fraction Units","ÙˆØ­Ø¯Ø§Øª Ø§Ù„ÙƒØ³Ø±",
"Viti Books does not have access to the selected file: ${0}","Ù„Ø§ ÙŠÙ…Ù„Ùƒ Frappe Books ØµÙ„Ø§Ø­ÙŠØ© Ø§Ù„ÙˆØµÙˆÙ„ Ø¥Ù„Ù‰ Ø§Ù„Ù…Ù„Ù Ø§Ù„Ù…Ø­Ø¯Ø¯: ${0}",
"Freight and Forwarding Charges","Ù…ØµØ§Ø±ÙŠÙ Ø§Ù„Ø´Ø­Ù†",
From,,
"From Account","Ù…Ù† Ø§Ù„Ø­Ø³Ø§Ø¨",
"From Date","Ù…Ù† ØªØ§Ø±ÙŠØ®",
"From Loc.",,
"From Year","Ù…Ù† Ø³Ù†Ø©",
"Full Name","Ø§Ù„Ø§Ø³Ù… Ø§Ù„ÙƒØ§Ù…Ù„",
"Furnitures and Fixtures","Ø§Ù„Ø£Ø«Ø§Ø« ÙˆØ§Ù„ØªØ¬Ù‡ÙŠØ²Ø§Øª",
"Enable Invoice Returns","ØªÙØ¹ÙŠÙ„ Ø¥Ø±Ø¬Ø§Ø¹ Ø§Ù„ÙÙˆØ§ØªÙŠØ±",
"Enable ERPNext Sync","ØªÙØ¹ÙŠÙ„ Ø§Ù„Ù…Ø²Ø§Ù…Ù†Ø© Ù…Ø¹ ERPNext",
"Enable Item Enquiry","ØªÙØ¹ÙŠÙ„ Ø§Ø³ØªØ¹Ù„Ø§Ù… Ø§Ù„ØµÙ†Ù",
"Enable Item Group","ØªÙØ¹ÙŠÙ„ Ù…Ø¬Ù…ÙˆØ¹Ø© Ø§Ù„Ø£ØµÙ†Ø§Ù",
"Enable Partial Payment","ØªÙØ¹ÙŠÙ„ Ø§Ù„Ø¯ÙØ¹ Ø§Ù„Ø¬Ø²Ø¦ÙŠ",
"Enable Form Customization","ØªÙØ¹ÙŠÙ„ ØªØ®ØµÙŠØµ Ø§Ù„Ù†Ù…Ø§Ø°Ø¬",
"Enable Lead","ØªÙØ¹ÙŠÙ„ Ø§Ù„Ø¹Ù…Ù„Ø§Ø¡ Ø§Ù„Ù…Ø­ØªÙ…Ù„ÙŠÙ†",
"Enable Loyalty Program","ØªÙØ¹ÙŠÙ„ Ø¨Ø±Ù†Ø§Ù…Ø¬ Ø§Ù„ÙˆÙ„Ø§Ø¡",
"Enable POS Without Inventory","ØªÙØ¹ÙŠÙ„ Ù†Ù‚Ø·Ø© Ø§Ù„Ø¨ÙŠØ¹ Ø¨Ø¯ÙˆÙ† Ù…Ø®Ø²ÙˆÙ†",
"POS Print Template","Ù‚Ø§Ù„Ø¨ Ø·Ø¨Ø§Ø¹Ø© Ù†Ù‚Ø·Ø© Ø§Ù„Ø¨ÙŠØ¹",
"Display Amount In Words","Ø¹Ø±Ø¶ Ø§Ù„Ù…Ø¨Ù„Øº Ø¨Ø§Ù„ÙƒÙ„Ù…Ø§Øª",
"Display Description In Invoice","Ø¹Ø±Ø¶ Ø§Ù„ÙˆØµÙ ÙÙŠ Ø§Ù„ÙØ§ØªÙˆØ±Ø©",
"Display Time In Invoice","Ø¹Ø±Ø¶ Ø§Ù„ÙˆÙ‚Øª ÙÙŠ Ø§Ù„ÙØ§ØªÙˆØ±Ø©",
"Pos Print Width","Ø¹Ø±Ø¶ Ø·Ø¨Ø§Ø¹Ø© Ù†Ù‚Ø·Ø© Ø§Ù„Ø¨ÙŠØ¹",
"Allow to bypass filters","Ø§Ù„Ø³Ù…Ø§Ø­ Ø¨ØªØ¬Ø§ÙˆØ² Ø¹ÙˆØ§Ù…Ù„ Ø§Ù„ØªØµÙÙŠØ©",
"Theme","Ø§Ù„Ø³Ù…Ø©",
"Dark mode","Ø§Ù„ÙˆØ¶Ø¹ Ø§Ù„Ø¯Ø§ÙƒÙ†",
"GST","Ø¶Ø±ÙŠØ¨Ø© Ø§Ù„Ø³Ù„Ø¹ ÙˆØ§Ù„Ø®Ø¯Ù…Ø§Øª",
"GSTIN No.","Ø±Ù‚Ù… GSTIN",
"GSTR1","Ø¥Ù‚Ø±Ø§Ø± Ø¶Ø±ÙŠØ¨Ø© Ø§Ù„Ø³Ù„Ø¹ ÙˆØ§Ù„Ø®Ø¯Ù…Ø§Øª 1",
"GSTR2","Ø¥Ù‚Ø±Ø§Ø± Ø¶Ø±ÙŠØ¨Ø© Ø§Ù„Ø³Ù„Ø¹ ÙˆØ§Ù„Ø®Ø¯Ù…Ø§Øª 2",
"Gain/Loss on Asset Disposal","Ø§Ù„Ø±Ø¨Ø­ / Ø§Ù„Ø®Ø³Ø§Ø±Ø© Ù…Ù† Ø§Ù„ØªØµØ±Ù ÙÙŠ Ø§Ù„Ø£ØµÙˆÙ„",
"General","Ø¹Ø§Ù…",
"General Ledger","Ø¯ÙØªØ± Ø§Ù„Ø£Ø³ØªØ§Ø° Ø§Ù„Ø¹Ø§Ù…",
"Get Started","Ø§Ø¨Ø¯Ø£",
"Global","Ø¹Ø§Ù„Ù…ÙŠ",
"Go back to the previous page","Ø§Ù„Ø¹ÙˆØ¯Ø© Ø¥Ù„Ù‰ Ø§Ù„ØµÙØ­Ø© Ø§Ù„Ø³Ø§Ø¨Ù‚Ø©",
"Gram","ØºØ±Ø§Ù…",
"Grand Total","Ø§Ù„Ù…Ø¬Ù…ÙˆØ¹ Ø§Ù„ÙƒÙ„ÙŠ",
"Greater Than","Ø£ÙƒØ¨Ø± Ù…Ù†",
"Green","Ø£Ø®Ø¶Ø±",
"Group By","ØªØ¬Ù…ÙŠØ¹ Ø­Ø³Ø¨",
"HSN/SAC","HSN/SAC",
"HSN/SAC Code","Ø±Ù…Ø² HSN/SAC",
"Half Yearly","Ù†ØµÙ Ø³Ù†ÙˆÙŠ",
"Half Years","Ø£Ù†ØµØ§Ù Ø§Ù„Ø³Ù†ÙˆØ§Øª",
"Has Batch","ÙŠØ­ØªÙˆÙŠ Ø¹Ù„Ù‰ Ø¯ÙØ¹Ø©",
"Has Serial Number","ÙŠØ­ØªÙˆÙŠ Ø¹Ù„Ù‰ Ø±Ù‚Ù… ØªØ³Ù„Ø³Ù„ÙŠ",
"Height (in cm)","Ø§Ù„Ø§Ø±ØªÙØ§Ø¹ (Ø¨Ø§Ù„Ø³Ù†ØªÙŠÙ…ØªØ±)",
"Help","Ù…Ø³Ø§Ø¹Ø¯Ø©",
"Hex Value","Ù‚ÙŠÙ…Ø© Ø³Ø¯Ø§Ø³ÙŠØ©",
"Hidden values will be visible on Print on.","Ø§Ù„Ù‚ÙŠÙ… Ø§Ù„Ù…Ø®ÙÙŠØ© Ø³ØªØ¸Ù‡Ø± Ø¹Ù†Ø¯ Ø§Ù„Ø·Ø¨Ø§Ø¹Ø©.",
"Hide Get Started","Ø¥Ø®ÙØ§Ø¡ Ø§Ù„Ø¨Ø¯Ø¡",
"Hide Group Amounts","Ø¥Ø®ÙØ§Ø¡ Ù…Ø¬Ø§Ù…ÙŠØ¹ Ø§Ù„Ù…Ø¨Ø§Ù„Øº",
"Hide Month/Year","Ø¥Ø®ÙØ§Ø¡ Ø§Ù„Ø´Ù‡Ø±/Ø§Ù„Ø³Ù†Ø©",
"Hides the Get Started section from the sidebar. Change will be visible on restart or refreshing the app.","ÙŠØ®ÙÙŠ Ù‚Ø³Ù… Ø§Ù„Ø¨Ø¯Ø¡ Ù…Ù† Ø§Ù„Ø´Ø±ÙŠØ· Ø§Ù„Ø¬Ø§Ù†Ø¨ÙŠ. Ø³ÙŠÙƒÙˆÙ† Ø§Ù„ØªØºÙŠÙŠØ± Ù…Ø±Ø¦ÙŠÙ‹Ø§ Ø¹Ù†Ø¯ Ø¥Ø¹Ø§Ø¯Ø© Ø§Ù„ØªØ´ØºÙŠÙ„ Ø£Ùˆ ØªØ­Ø¯ÙŠØ« Ø§Ù„ØªØ·Ø¨ÙŠÙ‚",
"Hour","Ø³Ø§Ø¹Ø©",
"INR","Ø±ÙˆØ¨ÙŠØ© Ù‡Ù†Ø¯ÙŠØ©",
"Image","ØµÙˆØ±Ø©",
"Import Complete","Ø§ÙƒØªÙ…Ù„ Ø§Ù„Ø§Ø³ØªÙŠØ±Ø§Ø¯",
"Import Data","Ø§Ø³ØªÙŠØ±Ø§Ø¯ Ø§Ù„Ø¨ÙŠØ§Ù†Ø§Øª",
"Import Data.","Ø§Ø³ØªÙŠØ±Ø§Ø¯ Ø§Ù„Ø¨ÙŠØ§Ù†Ø§Øª.",
"Import Type","Ù†ÙˆØ¹ Ø§Ù„Ø§Ø³ØªÙŠØ±Ø§Ø¯",
"Import Wizard","Ù…Ø¹Ø§Ù„Ø¬ Ø§Ù„Ø§Ø³ØªÙŠØ±Ø§Ø¯",
"Importer not set, reload tool","Ù„Ù… ÙŠØªÙ… ØªØ¹ÙŠÙŠÙ† Ø§Ù„Ù…Ø³ØªÙˆØ±Ø¯ØŒ ÙŠØ±Ø¬Ù‰ Ø¥Ø¹Ø§Ø¯Ø© ØªØ­Ù…ÙŠÙ„ Ø§Ù„Ø£Ø¯Ø§Ø©",
"Inactive","ØºÙŠØ± Ù†Ø´Ø·",
"Include Cancelled","ØªØ¶Ù…ÙŠÙ† Ø§Ù„Ù…Ù„ØºÙ‰",
"Income","Ø§Ù„Ø¯Ø®Ù„",
"Income Account","Ø­Ø³Ø§Ø¨ Ø§Ù„Ø¯Ø®Ù„",
"Increase print template display scale","Ø²ÙŠØ§Ø¯Ø© Ù…Ù‚ÙŠØ§Ø³ Ø¹Ø±Ø¶ Ù‚Ø§Ù„Ø¨ Ø§Ù„Ø·Ø¨Ø§Ø¹Ø©",
"Indigo","Ù†ÙŠÙ„ÙŠ",
"Indirect Expenses","Ù…ØµØ§Ø±ÙŠÙ ØºÙŠØ± Ù…Ø¨Ø§Ø´Ø±Ø©",
"Indirect Income","Ø¯Ø®Ù„ ØºÙŠØ± Ù…Ø¨Ø§Ø´Ø±",
"Inflow","Ø§Ù„ØªØ¯ÙÙ‚ Ø§Ù„Ø¯Ø§Ø®Ù„",
"Instance Id","Ù…Ø¹Ø±Ù‘Ù Ø§Ù„Ù…Ø«ÙŠÙ„",
"Insufficient Quantity","ÙƒÙ…ÙŠØ© ØºÙŠØ± ÙƒØ§ÙÙŠØ©",
"Insufficient Quantity.","ÙƒÙ…ÙŠØ© ØºÙŠØ± ÙƒØ§ÙÙŠØ©.",
"Insufficient Quantity. Item ${0} has only ${1} quantities available. you selected ${2}","ÙƒÙ…ÙŠØ© ØºÙŠØ± ÙƒØ§ÙÙŠØ©. Ø§Ù„ØµÙ†Ù ${0} ÙŠØ­ØªÙˆÙŠ ÙÙ‚Ø· Ø¹Ù„Ù‰ ${1} ÙƒÙ…ÙŠØ© Ù…ØªØ§Ø­Ø©. Ù„Ù‚Ø¯ Ø§Ø®ØªØ±Øª ${2}",
"Int","Ø¹Ø¯Ø¯ ØµØ­ÙŠØ­",
"Intergrated Tax","Ø¶Ø±ÙŠØ¨Ø© Ù…ØªÙƒØ§Ù…Ù„Ø©",
"Internal Precision","Ø§Ù„Ø¯Ù‚Ø© Ø§Ù„Ø¯Ø§Ø®Ù„ÙŠØ©",
"Invalid Key Error","Ø®Ø·Ø£ ÙÙŠ Ø§Ù„Ù…ÙØªØ§Ø­",
"Invalid Quantity for Item ${0}","ÙƒÙ…ÙŠØ© ØºÙŠØ± ØµØ§Ù„Ø­Ø© Ù„Ù„ØµÙ†Ù ${0}",
"Invalid barcode value ${0}.","Ù‚ÙŠÙ…Ø© Ø¨Ø§Ø±ÙƒÙˆØ¯ ØºÙŠØ± ØµØ§Ù„Ø­Ø© ${0}.",
"Invalid value ${0} for ${1}","Ù‚ÙŠÙ…Ø© ØºÙŠØ± ØµØ§Ù„Ø­Ø© ${0} Ù„Ù€ ${1}",
"Invalid value found for ${0}","ØªÙ… Ø§Ù„Ø¹Ø«ÙˆØ± Ø¹Ù„Ù‰ Ù‚ÙŠÙ…Ø© ØºÙŠØ± ØµØ§Ù„Ø­Ø© Ù„Ù€ ${0}",
"Inventory","Ø§Ù„Ù…Ø®Ø²ÙˆÙ†",
"Inventory Settings","Ø¥Ø¹Ø¯Ø§Ø¯Ø§Øª Ø§Ù„Ù…Ø®Ø²ÙˆÙ†",
"Investments","Ø§Ø³ØªØ«Ù…Ø§Ø±Ø§Øª",
"Invoice","ÙØ§ØªÙˆØ±Ø©",
"Invoice Created","Ø§Ù„ÙØ§ØªÙˆØ±Ø© Ø§Ù„Ù…ÙÙ†Ø´Ø£Ø©",
"Invoice Date","ØªØ§Ø±ÙŠØ® Ø§Ù„ÙØ§ØªÙˆØ±Ø©",
"Invoice Item",,
"Invoice No","Ø±Ù‚Ù… Ø§Ù„ÙØ§ØªÙˆØ±Ø©",
"Invoice No.","Ø±Ù‚Ù… Ø§Ù„ÙØ§ØªÙˆØ±Ø©",
"Invoice Value","Ù‚ÙŠÙ…Ø© Ø§Ù„ÙØ§ØªÙˆØ±Ø©",
Invoices,Ø§Ù„ÙÙˆØ§ØªÙŠØ±,
Is,Ù‡Ùˆ,
"Is Custom","Ù…ÙØ®ØµÙ‘Øµ",
"Is Empty","ÙØ§Ø±Øº",
"Is Group","Ù…Ø¬Ù…ÙˆØ¹Ø©",
"Is Landscape","Ø£ÙÙ‚ÙŠ",
"Is Not","Ù„ÙŠØ³",
"Is Not Empty","Ù„ÙŠØ³ ÙØ§Ø±Øº",
"Is POS Shift Open","Ù‡Ù„ ÙˆØ±Ø¯ÙŠØ© Ù†Ù‚Ø·Ø© Ø§Ù„Ø¨ÙŠØ¹ Ù…ÙØªÙˆØ­Ø©",
"Is Price List Enabled","Ù‡Ù„ Ù‚Ø§Ø¦Ù…Ø© Ø§Ù„Ø£Ø³Ø¹Ø§Ø± Ù…ÙØ¹Ù‘Ù„Ø©",
"Is Required","Ù…Ø·Ù„ÙˆØ¨",
"Is Whole","ÙƒØ§Ù…Ù„",
"Item","ØµÙ†Ù",
"Item ${0} has Zero Quantity","Ø§Ù„ØµÙ†Ù ${0} ÙƒÙ…ÙŠØªÙ‡ ØµÙØ±",
"Item ${0} is a batched item","Ø§Ù„ØµÙ†Ù ${0} Ø¹Ù†ØµØ± Ù…Ø¬Ù…Ù‘Ø¹",
"Item ${0} is not a batched item","Ø§Ù„ØµÙ†Ù ${0} Ù„ÙŠØ³ Ø¹Ù†ØµØ±Ù‹Ø§ Ù…Ø¬Ù…Ù‘Ø¹Ù‹Ø§",
"Item ${0} not in Stock","Ø§Ù„ØµÙ†Ù ${0} ØºÙŠØ± Ù…ØªÙˆÙØ± ÙÙŠ Ø§Ù„Ù…Ø®Ø²ÙˆÙ†",
"Item Description","ÙˆØµÙ Ø§Ù„ØµÙ†Ù",
"Item Discounts","Ø®ØµÙˆÙ…Ø§Øª Ø§Ù„ØµÙ†Ù",
"Item Name","Ø§Ø³Ù… Ø§Ù„ØµÙ†Ù",
"Item Prices","Ø£Ø³Ø¹Ø§Ø± Ø§Ù„ØµÙ†Ù",
"Item with From location not found","Ø§Ù„ØµÙ†Ù Ø¨Ù…ÙˆÙ‚Ø¹ Ø§Ù„Ø¥Ø±Ø³Ø§Ù„ ØºÙŠØ± Ù…ÙˆØ¬ÙˆØ¯",
"Item with To location not found","Ø§Ù„ØµÙ†Ù Ø¨Ù…ÙˆÙ‚Ø¹ Ø§Ù„Ø§Ø³ØªÙ„Ø§Ù… ØºÙŠØ± Ù…ÙˆØ¬ÙˆØ¯",
"Item with barcode ${0} not found.","Ø§Ù„ØµÙ†Ù Ø¨Ø§Ù„Ø¨Ø§Ø±ÙƒÙˆØ¯ ${0} ØºÙŠØ± Ù…ÙˆØ¬ÙˆØ¯.",
"Items","Ø§Ù„Ø¹Ù†Ø§ØµØ±",
"January","ÙŠÙ†Ø§ÙŠØ±",
"John Doe","ÙÙ„Ø§Ù† Ø§Ù„ÙÙ„Ø§Ù†ÙŠ",
"Journal Entries","Ø§Ù„Ù‚ÙŠÙˆØ¯ Ø§Ù„ÙŠÙˆÙ…ÙŠØ©",
"Journal Entry","Ù‚ÙŠØ¯ ÙŠÙˆÙ…ÙŠØ©",
"Journal Entry Account","Ø­Ø³Ø§Ø¨ Ø§Ù„Ù‚ÙŠØ¯ Ø§Ù„ÙŠÙˆÙ…ÙŠ",
"Journal Entry Number Series","Ø³Ù„Ø³Ù„Ø© Ø£Ø±Ù‚Ø§Ù… Ø§Ù„Ù‚ÙŠÙˆØ¯ Ø§Ù„ÙŠÙˆÙ…ÙŠØ©",
"Journal Entry Print Template","Ù‚Ø§Ù„Ø¨ Ø·Ø¨Ø§Ø¹Ø© Ø§Ù„Ù‚ÙŠØ¯ Ø§Ù„ÙŠÙˆÙ…ÙŠ",
"July","ÙŠÙˆÙ„ÙŠÙˆ",
"June","ÙŠÙˆÙ†ÙŠÙˆ",
"Key Hints","ØªÙ„Ù…ÙŠØ­Ø§Øª Ø§Ù„Ù…ÙØ§ØªÙŠØ­",
Kg,,
"Label","ØªØ³Ù…ÙŠØ©",
"Language","Ø§Ù„Ù„ØºØ©",
"Left Index","Ø§Ù„ÙÙ‡Ø±Ø³ Ø§Ù„Ø£ÙŠØ³Ø±",
"Legal Expenses","Ø§Ù„Ù…ØµØ§Ø±ÙŠÙ Ø§Ù„Ù‚Ø§Ù†ÙˆÙ†ÙŠØ©",
"Less Filters","Ø¹ÙˆØ§Ù…Ù„ ØªØµÙÙŠØ© Ø£Ù‚Ù„",
"Less Than","Ø£Ù‚Ù„ Ù…Ù†",
"Liability","Ø§Ù„Ø§Ù„ØªØ²Ø§Ù…",
"Limit","Ø§Ù„Ø­Ø¯",
"Link","Ø±Ø§Ø¨Ø·",
"Link Validation Error","Ø®Ø·Ø£ ÙÙŠ Ø§Ù„ØªØ­Ù‚Ù‚ Ù…Ù† Ø§Ù„Ø±Ø§Ø¨Ø·",
"Linked Entries","Ø¥Ø¯Ø®Ø§Ù„Ø§Øª Ù…Ø±ØªØ¨Ø·Ø©",
"List","Ù‚Ø§Ø¦Ù…Ø©",
"List View","Ø¹Ø±Ø¶ Ø§Ù„Ù‚Ø§Ø¦Ù…Ø©",
"Load an existing company from your computer","Ø­Ù…Ù‘Ù„ Ø´Ø±ÙƒØ© Ù…ÙˆØ¬ÙˆØ¯Ø© Ù…Ù† Ø¬Ù‡Ø§Ø²Ùƒ",
"Loading Report...","Ø¬Ø§Ø±ÙŠ ØªØ­Ù…ÙŠÙ„ Ø§Ù„ØªÙ‚Ø±ÙŠØ±...",
"Loading instance...","Ø¬Ø§Ø±ÙŠ ØªØ­Ù…ÙŠÙ„ Ø§Ù„Ù…Ø«ÙŠÙ„...",
"Loading...","Ø¬Ø§Ø±ÙŠ Ø§Ù„ØªØ­Ù…ÙŠÙ„...",
"Loans (Liabilities)","Ù‚Ø±ÙˆØ¶ (Ø®ØµÙˆÙ…)",
"Loans and Advances (Assets)","Ø§Ù„Ù‚Ø±ÙˆØ¶ ÙˆØ§Ù„Ø³Ù„Ù (Ø§Ù„Ø£ØµÙˆÙ„)",
"Locale","Ø§Ù„Ù„ØºØ©",
"Location","Ø§Ù„Ù…ÙˆÙ‚Ø¹",
"Location Name","Ø§Ø³Ù… Ø§Ù„Ù…ÙˆÙ‚Ø¹",
Logo,Ø§Ù„Ø´Ø¹Ø§Ø±,
"Make Entry"," Ø§Ø¯Ø®Ø§Ù„ Ø¬Ø¯ÙŠØ¯  ",
"Make Payment On Submit","Ø¥Ø¬Ø±Ø§Ø¡ Ø§Ù„Ø¯ÙØ¹ Ø¹Ù†Ø¯ Ø§Ù„Ø¥Ø±Ø³Ø§Ù„",
"Make Purchase Receipt On Submit","Ø¥Ù†Ø´Ø§Ø¡ Ø¥ÙŠØµØ§Ù„ Ø´Ø±Ø§Ø¡ Ø¹Ù†Ø¯ Ø§Ù„Ø¥Ø±Ø³Ø§Ù„",
"Make Shipment On Submit","Ø¥Ù†Ø´Ø§Ø¡ Ø´Ø­Ù†Ø© Ø¹Ù†Ø¯ Ø§Ù„Ø¥Ø±Ø³Ø§Ù„",
"Mandatory Error","Ø®Ø·Ø£ Ø¥Ù„Ø²Ø§Ù…ÙŠ",
"Manufacture","Ø§Ù„ØªØµÙ†ÙŠØ¹",
"Manufacture Date","ØªØ§Ø±ÙŠØ® Ø§Ù„ØªØµÙ†ÙŠØ¹",
"Mar 23, 2022","23 Ù…Ø§Ø±Ø³ 2022",
"March","Ù…Ø§Ø±Ø³",
"Mark ${0} as submitted?","ÙˆØ¶Ø¹ Ø¹Ù„Ø§Ù…Ø© Ø¹Ù„Ù‰ ${0} ÙƒÙ…ÙØ³Ø¬Ù‘ÙŽÙ„ØŸ"
"Marketing Expenses","Ù…ØµØ§Ø±ÙŠÙ Ø§Ù„ØªØ³ÙˆÙŠÙ‚",
"Material Issue","ØµØ±Ù Ø§Ù„Ù…ÙˆØ§Ø¯",
"Material Receipt","Ø§Ø³ØªÙ„Ø§Ù… Ø§Ù„Ù…ÙˆØ§Ø¯",
"Material Transfer","ØªØ­ÙˆÙŠÙ„ Ø§Ù„Ù…ÙˆØ§Ø¯",
"May","Ù…Ø§ÙŠÙˆ",
"Meter","Ù…ØªØ±",
"Misc","Ù…ØªÙØ±Ù‚Ø§Øª",
"Miscellaneous","Ù…ØªÙ†ÙˆØ¹",
"Miscellaneous Expenses","Ù…ØµØ§Ø±ÙŠÙ Ù…ØªÙ†ÙˆØ¹Ø©",
"Mo","Ø§Ù„Ø§Ø«Ù†ÙŠÙ†",
"Modified","Ù…Ø¹Ø¯Ù‘Ù„",
"Modified By","Ø¹ÙØ¯Ù‘Ù„ Ø¨ÙˆØ§Ø³Ø·Ø©",
"Monthly","Ø´Ù‡Ø±ÙŠ",
"Months","Ø£Ø´Ù‡Ø±",
"More","Ø§Ù„Ù…Ø²ÙŠØ¯",
"More Filters","Ø§Ù„Ù…Ø²ÙŠØ¯ Ù…Ù† Ø¹ÙˆØ§Ù…Ù„ Ø§Ù„ØªØµÙÙŠØ©",
"More shortcuts will be added soon.","Ø³ÙŠØªÙ… Ø¥Ø¶Ø§ÙØ© Ø§Ù„Ù…Ø²ÙŠØ¯ Ù…Ù† Ø§Ù„Ø§Ø®ØªØµØ§Ø±Ø§Øª Ù‚Ø±ÙŠØ¨Ù‹Ø§",
"Movement Type"," Ù†ÙˆØ¹ Ø§Ù„ØªÙ†Ù‚Ù„ ",
Name,Ø§Ù„Ø§Ø³Ù…,
Navigate,,
"Need ${0} Serial Numbers for Item ${1}. You have provided ${2}",,
"Net Total","Ø§Ù„Ø¥Ø¬Ù…Ø§Ù„ÙŠ Ø§Ù„ØµØ§ÙÙŠ",
"New ${0}",â€œØ¬Ø¯ÙŠØ¯ ${0}â€,
"New ${0} ${1}",â€œØ¬Ø¯ÙŠØ¯ ${0} ${1}â€,
"New Account","Ø­Ø³Ø§Ø¨ Ø¬Ø¯ÙŠØ¯",
"New Company","Ø´Ø±ÙƒØ© Ø¬Ø¯ÙŠØ¯Ø©",
"New Entry","Ø¥Ø¯Ø®Ø§Ù„ Ø¬Ø¯ÙŠØ¯",
"New Template","Ù‚Ø§Ù„Ø¨ Ø¬Ø¯ÙŠØ¯",
"No","Ù„Ø§",
"No Display Entries Found","Ù„Ù… ÙŠØªÙ… Ø§Ù„Ø¹Ø«ÙˆØ± Ø¹Ù„Ù‰ Ø¥Ø¯Ø®Ø§Ù„Ø§Øª Ù„Ù„Ø¹Ø±Ø¶",
"No Print Templates not found for entry type ${0}","Ù„Ù… ÙŠØªÙ… Ø§Ù„Ø¹Ø«ÙˆØ± Ø¹Ù„Ù‰ Ù‚ÙˆØ§Ù„Ø¨ Ø·Ø¨Ø§Ø¹Ø© Ù„Ù†ÙˆØ¹ Ø§Ù„Ø¥Ø¯Ø®Ø§Ù„ ${0}",
"No Value","Ù„Ø§ ØªÙˆØ¬Ø¯ Ù‚ÙŠÙ…Ø©",
"No Values to be Displayed","Ù„Ø§ ØªÙˆØ¬Ø¯ Ù‚ÙŠÙ… Ù„Ù„Ø¹Ø±Ø¶",
"No entries found","Ù„Ù… ÙŠØªÙ… Ø§Ù„Ø¹Ø«ÙˆØ± Ø¹Ù„Ù‰ Ø¥Ø¯Ø®Ø§Ù„Ø§Øª",
"No entries were imported.","Ù„Ù… ÙŠØªÙ… Ø§Ø³ØªÙŠØ±Ø§Ø¯ Ø£ÙŠ Ø¥Ø¯Ø®Ø§Ù„Ø§Øª.",
"No expenses in this period","Ù„Ø§ ØªÙˆØ¬Ø¯ Ù†ÙÙ‚Ø§Øª ÙÙŠ Ù‡Ø°Ù‡ Ø§Ù„ÙØªØ±Ø©",
"No filters selected","Ù„Ù… ÙŠØªÙ… ØªØ­Ø¯ÙŠØ¯ Ø¹ÙˆØ§Ù…Ù„ ØªØµÙÙŠØ©",
"No linked entries found","Ù„Ù… ÙŠØªÙ… Ø§Ù„Ø¹Ø«ÙˆØ± Ø¹Ù„Ù‰ Ø¥Ø¯Ø®Ø§Ù„Ø§Øª Ù…Ø±ØªØ¨Ø·Ø©",
"No results found","Ù„Ù… ÙŠØªÙ… Ø§Ù„Ø¹Ø«ÙˆØ± Ø¹Ù„Ù‰ Ù†ØªØ§Ø¦Ø¬",
"No rows added. Select a file or add rows.","Ù„Ù… ØªØªÙ… Ø¥Ø¶Ø§ÙØ© Ø£ÙŠ ØµÙÙˆÙ. Ø§Ø®ØªØ± Ù…Ù„ÙÙ‹Ø§ Ø£Ùˆ Ø£Ø¶Ù ØµÙÙˆÙÙ‹Ø§.",
"No transactions yet","Ù„Ø§ ØªÙˆØ¬Ø¯ Ù…Ø¹Ø§Ù…Ù„Ø§Øª Ø­ØªÙ‰ Ø§Ù„Ø¢Ù†",
"Non Active Serial Number ${0} cannot be used as Manufacture raw material","Ù„Ø§ ÙŠÙ…ÙƒÙ† Ø§Ø³ØªØ®Ø¯Ø§Ù… Ø§Ù„Ø±Ù‚Ù… Ø§Ù„ØªØ³Ù„Ø³Ù„ÙŠ ØºÙŠØ± Ø§Ù„Ù†Ø´Ø· ${0} ÙƒÙ…Ø§Ø¯Ø© Ø®Ø§Ù… ÙÙŠ Ø§Ù„ØªØµÙ†ÙŠØ¹",
"Non Active Serial Number ${0} cannot be used for Material Issue","Ù„Ø§ ÙŠÙ…ÙƒÙ† Ø§Ø³ØªØ®Ø¯Ø§Ù… Ø§Ù„Ø±Ù‚Ù… Ø§Ù„ØªØ³Ù„Ø³Ù„ÙŠ ØºÙŠØ± Ø§Ù„Ù†Ø´Ø· ${0} ÙÙŠ ØµØ±Ù Ø§Ù„Ù…ÙˆØ§Ø¯",
"Non Active Serial Number ${0} cannot be used for Material Transfer","Ù„Ø§ ÙŠÙ…ÙƒÙ† Ø§Ø³ØªØ®Ø¯Ø§Ù… Ø§Ù„Ø±Ù‚Ù… Ø§Ù„ØªØ³Ù„Ø³Ù„ÙŠ ØºÙŠØ± Ø§Ù„Ù†Ø´Ø· ${0} ÙÙŠ ØªØ­ÙˆÙŠÙ„ Ø§Ù„Ù…ÙˆØ§Ø¯",
"Non Inactive Serial Number ${0} cannot be used for Material Receipt","Ù„Ø§ ÙŠÙ…ÙƒÙ† Ø§Ø³ØªØ®Ø¯Ø§Ù… Ø§Ù„Ø±Ù‚Ù… Ø§Ù„ØªØ³Ù„Ø³Ù„ÙŠ ØºÙŠØ± ØºÙŠØ± Ø§Ù„Ù†Ø´Ø· ${0} ÙÙŠ Ø§Ø³ØªÙ„Ø§Ù… Ø§Ù„Ù…ÙˆØ§Ø¯",
None,"Ù„Ø§ Ø´ÙŠØ¡",
"Not Found","ØºÙŠØ± Ù…ÙˆØ¬ÙˆØ¯",
"Not Saved","ØºÙŠØ± Ù…Ø­ÙÙˆØ¸",
"Not Submitted","ØºÙŠØ± Ù…Ø³Ø¬Ù‘Ù„",
"Not Transferred","ØºÙŠØ± Ù…ÙØ­ÙˆÙ‘ÙŽÙ„",
"Notes","Ù…Ù„Ø§Ø­Ø¸Ø§Øª",
"November","Ù†ÙˆÙÙ…Ø¨Ø±",
"Number Display","Ø¹Ø±Ø¶ Ø§Ù„Ø±Ù‚Ù…",
"Number Series","Ø³Ù„Ø³Ù„Ø© Ø§Ù„Ø£Ø±Ù‚Ø§Ù…",
"Number of ${0}","Ø¹Ø¯Ø¯ ${0}",
"Number of Rows","Ø¹Ø¯Ø¯ Ø§Ù„ØµÙÙˆÙ",
"October","Ø£ÙƒØªÙˆØ¨Ø±",
"Office Equipments","Ù…Ø¹Ø¯Ø§Øª Ù…ÙƒØªØ¨ÙŠØ©",
"Office Maintenance Expenses","Ù…ØµØ§Ø±ÙŠÙ ØµÙŠØ§Ù†Ø© Ø§Ù„Ù…ÙƒØ§ØªØ¨",
"Office Rent","Ø¥ÙŠØ¬Ø§Ø± Ù…ÙƒØªØ¨",
"Okay","Ø­Ø³Ù†Ù‹Ø§",
"Onboarding Complete","Ø§ÙƒØªÙ…Ù„ Ø§Ù„Ø¥Ø¹Ø¯Ø§Ø¯",
"Only From or To can be set for Manufacture","ÙŠÙ…ÙƒÙ† ØªØ¹ÙŠÙŠÙ† Ù…Ù† Ø£Ùˆ Ø¥Ù„Ù‰ ÙÙ‚Ø· Ù„Ø¹Ù…Ù„ÙŠØ© Ø§Ù„ØªØµÙ†ÙŠØ¹",
"Open Count","ÙØªØ­ Ø§Ù„Ø¹Ø¯Ù‘",
"Open Documentation","ÙØªØ­ Ø§Ù„ØªÙˆØ«ÙŠÙ‚",
"Open Folder","ÙØªØ­ Ù…Ø¬Ù„Ø¯",
"Open Print View","ÙØªØ­ Ø¹Ø±Ø¶ Ø§Ù„Ø·Ø¨Ø§Ø¹Ø©",
"Open Print View if Print is available.","ÙØªØ­ Ø¹Ø±Ø¶ Ø§Ù„Ø·Ø¨Ø§Ø¹Ø© Ø¥Ø°Ø§ ÙƒØ§Ù† Ø§Ù„Ø·Ø¨Ø§Ø¹Ø© Ù…ØªØ§Ø­Ø©.",
"Open Quick Search","ÙØªØ­ Ø§Ù„Ø¨Ø­Ø« Ø§Ù„Ø³Ø±ÙŠØ¹",
"Open Report Print View","ÙØªØ­ Ø¹Ø±Ø¶ Ø·Ø¨Ø§Ø¹Ø© Ø§Ù„ØªÙ‚Ø±ÙŠØ±",
"Open the Export Wizard modal","ÙØªØ­ Ù†Ø§ÙØ°Ø© Ù…Ø¹Ø§Ù„Ø¬ Ø§Ù„ØªØµØ¯ÙŠØ±",
"Opening (Cr)","(Cr) Ø§Ù„Ø§ÙØªØªØ§Ø­",
"Opening (Dr)","(Dr) Ø§ÙØªØªØ§Ø­",
"Opening Amount","Ø§Ù„Ù…Ø¨Ù„Øº Ø§Ù„Ø§ÙØªØªØ§Ø­ÙŠ",
"Opening Balance Equity","Ø±ØµÙŠØ¯ Ø§ÙØªØªØ§Ø­ÙŠ Ù„Ø­Ù‚ÙˆÙ‚ Ø§Ù„Ù…Ù„ÙƒÙŠØ©",
"Opening Balances","Ø§Ù„Ø£Ø±ØµØ¯Ø© Ø§Ù„Ø§ÙØªØªØ§Ø­ÙŠØ©",
"Opening Cash Amount can not be negative.","Ù„Ø§ ÙŠÙ…ÙƒÙ† Ø£Ù† ÙŠÙƒÙˆÙ† Ù…Ø¨Ù„Øº Ø§Ù„Ù†Ù‚Ø¯ÙŠØ© Ø§Ù„Ø§ÙØªØªØ§Ø­ÙŠ Ø³Ø§Ù„Ø¨Ù‹Ø§.",
"Opening Cash In Denominations","Ø§Ù„Ù†Ù‚Ø¯ÙŠØ© Ø§Ù„Ø§ÙØªØªØ§Ø­ÙŠØ© Ø¨Ø§Ù„ÙØ¦Ø§Øª",
"Opening Date","ØªØ§Ø±ÙŠØ® Ø§Ù„Ø§ÙØªØªØ§Ø­",
"Opening Entry","Ø§Ù„Ù‚ÙŠØ¯ Ø§Ù„Ø§ÙØªØªØ§Ø­ÙŠ",
"Options","Ø§Ù„Ø®ÙŠØ§Ø±Ø§Øª",
"Orange","Ø¨Ø±ØªÙ‚Ø§Ù„ÙŠ",
"Organisation","Ø§Ù„Ù…Ø¤Ø³Ø³Ø©",
"Outflow","Ø§Ù„ØªØ¯ÙÙ‚ Ø§Ù„Ø®Ø§Ø±Ø¬",
"Outstanding","Ø§Ù„Ù…ØªØ¨Ù‚ÙŠ",
"Outstanding Amount","Ø§Ù„Ù…Ø¨Ù„Øº Ø§Ù„Ù…Ø³ØªØ­Ù‚",
"POS","Ù†Ù‚Ø·Ø© Ø§Ù„Ø¨ÙŠØ¹",
"POS Counter Cash Account is not set. Please set it on POS Settings","Ù„Ù… ÙŠØªÙ… ØªØ¹ÙŠÙŠÙ† Ø­Ø³Ø§Ø¨ Ø§Ù„Ù†Ù‚Ø¯ÙŠØ© Ù„Ù†Ù‚Ø·Ø© Ø§Ù„Ø¨ÙŠØ¹. ÙŠØ±Ø¬Ù‰ ØªØ¹ÙŠÙŠÙ†Ù‡ ÙÙŠ Ø¥Ø¹Ø¯Ø§Ø¯Ø§Øª Ù†Ù‚Ø·Ø© Ø§Ù„Ø¨ÙŠØ¹.",
"POS Customer","Ø¹Ù…ÙŠÙ„ Ù†Ù‚Ø·Ø© Ø§Ù„Ø¨ÙŠØ¹",
"POS Inventory is not set. Please set it on POS Settings","Ù„Ù… ÙŠØªÙ… ØªØ¹ÙŠÙŠÙ† Ù…Ø®Ø²ÙˆÙ† Ù†Ù‚Ø·Ø© Ø§Ù„Ø¨ÙŠØ¹. ÙŠØ±Ø¬Ù‰ ØªØ¹ÙŠÙŠÙ†Ù‡ ÙÙŠ Ø¥Ø¹Ø¯Ø§Ø¯Ø§Øª Ù†Ù‚Ø·Ø© Ø§Ù„Ø¨ÙŠØ¹.",
"POS Settings","Ø¥Ø¹Ø¯Ø§Ø¯Ø§Øª Ù†Ù‚Ø·Ø© Ø§Ù„Ø¨ÙŠØ¹",
"POS Shift Amount","Ù…Ø¨Ù„Øº ÙˆØ±Ø¯ÙŠØ© Ù†Ù‚Ø·Ø© Ø§Ù„Ø¨ÙŠØ¹",
"POS Write Off Account is not set. Please set it on POS Settings","Ù„Ù… ÙŠØªÙ… ØªØ¹ÙŠÙŠÙ† Ø­Ø³Ø§Ø¨ Ø§Ù„Ø¥Ù‡Ù„Ø§Ùƒ Ù„Ù†Ù‚Ø·Ø© Ø§Ù„Ø¨ÙŠØ¹. ÙŠØ±Ø¬Ù‰ ØªØ¹ÙŠÙŠÙ†Ù‡ ÙÙŠ Ø¥Ø¹Ø¯Ø§Ø¯Ø§Øª Ù†Ù‚Ø·Ø© Ø§Ù„Ø¨ÙŠØ¹.",
"Pad Zeros","Ø¥Ø¶Ø§ÙØ© Ø£ØµÙØ§Ø±",
"Page","ØµÙØ­Ø©",
Paid,Ù…Ø¯ÙÙˆØ¹,
"Paid ${0}","Ù…Ø¯ÙÙˆØ¹ ${0}",
"Paid Change","Ø§Ù„Ø¨Ø§Ù‚ÙŠ Ø§Ù„Ù…Ø¯ÙÙˆØ¹",
"Parent","Ø§Ù„Ø£ØµÙ„",
"Parent Account","Ø§Ù„Ø­Ø³Ø§Ø¨ Ø§Ù„Ø£ØµÙ„",
"Party","Ù…ÙˆØ±Ø¯ / Ø¹Ù…ÙŠÙ„",
"Patch Run","ØªØ´ØºÙŠÙ„ Ø§Ù„ØªØµØ­ÙŠØ­",
"Pay","Ø¯ÙØ¹",
"Payable","Ø¯Ø§Ø¦Ù†",
"Payment","Ø§Ù„Ø¯ÙØ¹",
"Payment ${0} is Saved","ØªÙ… Ø­ÙØ¸ Ø§Ù„Ø¯ÙØ¹ ${0}",
"Payment For","Ø§Ù„Ø¯ÙØ¹ Ù…Ù‚Ø§Ø¨Ù„",
"Payment Method","Ø·Ø±ÙŠÙ‚Ø© Ø§Ù„Ø¯ÙØ¹",
"Payment No","Ø±Ù‚Ù… Ø§Ù„Ø¯ÙØ¹",
"Payment Number Series"," ØªØ³Ù„Ø³Ù„ Ø§Ù„Ù…Ø¯ÙÙˆØ¹Ø§Øª",
"Payment Print Template","  Ù‚Ø§Ù„Ø¨ Ø§Ù„Ø·Ø§Ø¨Ø¹Ø© Ø§Ù„Ù…Ø¯ÙÙˆØ¹Ø§Øª",
"Payment Reference","Ù…Ø±Ø¬Ø¹ Ø§Ù„Ø¯ÙØ¹",
"Payment Type","Ù†ÙˆØ¹ Ø§Ù„Ø¯ÙØ¹",
"Payment amount cannot be ${0}.","Ù„Ø§ ÙŠÙ…ÙƒÙ† Ø£Ù† ÙŠÙƒÙˆÙ† Ù…Ø¨Ù„Øº Ø§Ù„Ø¯ÙØ¹Ø© ${0}",
"Payment amount cannot be less than zero.","Ù…Ø¨Ù„Øº Ø§Ù„Ø¯ÙØ¹Ø© Ù„Ø§ ÙŠÙ…ÙƒÙ† Ø£Ù† ÙŠÙƒÙˆÙ† Ø£Ù‚Ù„ Ù…Ù† Ø§Ù„ØµÙØ±.",
"Payment amount cannot exceed ${0}.","Ù…Ø¨Ù„Øº Ø§Ù„Ø¯ÙØ¹Ø© Ù„Ø§ ÙŠÙ…ÙƒÙ† Ø£Ù† ÙŠØªØ¬Ø§ÙˆØ² ${0} .",
"Payment amount: ${0} should be greater than 0.","Ù…Ø¨Ù„Øº Ø§Ù„Ø¯ÙØ¹Ø©: ${0} ÙŠØ¬Ø¨ Ø£Ù† ÙŠÙƒÙˆÙ† Ø£ÙƒØ¨Ø± Ù…Ù† 0.",
"Payment amount: ${0} should be less than Outstanding amount: ${1}.","Ù…Ø¨Ù„Øº Ø§Ù„Ø¯ÙØ¹Ø©: ${0} ÙŠØ¬Ø¨ Ø£Ù† ÙŠÙƒÙˆÙ† Ø£Ù‚Ù„ Ù…Ù† Ø§Ù„Ù…Ø¨Ù„Øº Ø§Ù„Ù…Ø³ØªØ­Ù‚: ${1}",
"Payment of ${0} will be made from account ""${1}"" to account ""${2}"" on Submit.","Ø³ÙŠØªÙ… Ø¯ÙØ¹ ${0} Ù…Ù† Ø§Ù„Ø­Ø³Ø§Ø¨ ""${1}"" Ø¥Ù„Ù‰ Ø§Ù„Ø­Ø³Ø§Ø¨ ""${2}"" Ø¹Ù†Ø¯ Ø§Ù„ØªØ³Ø¬ÙŠÙ„.",
Payments,Ø§Ù„Ù…Ø¯ÙÙˆØ¹Ø§Øª,
"Payroll Payable","Ø§Ù„Ø±ÙˆØ§ØªØ¨ Ø§Ù„Ù…Ø³ØªØ­Ù‚Ø© Ø§Ù„Ø¯ÙØ¹",
"Pending Qty. ${0}",,
"Pending qty. ${0}",,
Periodicity,Ø§Ù„Ø¯ÙˆØ±ÙŠØ©,
Phone,Ø§Ù„Ù‡Ø§ØªÙ,
"Pick Columns","Ø§Ø®ØªØ± Ø§Ù„Ø£Ø¹Ù…Ø¯Ø©",
"Pick Import Columns","Ø§Ø®ØªØ± Ø£Ø¹Ù…Ø¯Ø© Ø§Ù„Ø§Ø³ØªÙŠØ±Ø§Ø¯",
"Pink","ÙˆØ±Ø¯ÙŠ",
"Place","Ù…ÙƒØ§Ù†",
"Place of supply","Ù…ÙƒØ§Ù† Ø§Ù„ØªÙˆØ±ÙŠØ¯",
"Plants and Machineries","Ø§Ù„Ù…ØµØ§Ù†Ø¹ ÙˆØ§Ù„Ø¢Ù„ÙŠØ§Øª",
"Please Wait","ÙŠØ±Ø¬Ù‰ Ø§Ù„Ø§Ù†ØªØ¸Ø§Ø±",
"Please check Key Hints for valid key names","ÙŠØ±Ø¬Ù‰ Ø§Ù„ØªØ­Ù‚Ù‚ Ù…Ù† ØªÙ„Ù…ÙŠØ­Ø§Øª Ø§Ù„Ù…ÙØ§ØªÙŠØ­ Ù„Ù„Ø£Ø³Ù…Ø§Ø¡ Ø§Ù„ØµØ­ÙŠØ­Ø© Ù„Ù„Ù…ÙØ§ØªÙŠØ­",
"Please create a ${0} entry to view Template Preview.","ÙŠØ±Ø¬Ù‰ Ø¥Ù†Ø´Ø§Ø¡ Ø¥Ø¯Ø®Ø§Ù„ ${0} Ù„Ø¹Ø±Ø¶ Ù…Ø¹Ø§ÙŠÙ†Ø© Ø§Ù„Ù‚Ø§Ù„Ø¨.",
"Please fill all values.","ÙŠØ±Ø¬Ù‰ Ù…Ù„Ø¡ Ø¬Ù…ÙŠØ¹ Ø§Ù„Ù‚ÙŠÙ….",
"Please restart and try again.","ÙŠØ±Ø¬Ù‰ Ø¥Ø¹Ø§Ø¯Ø© Ø§Ù„ØªØ´ØºÙŠÙ„ ÙˆØ§Ù„Ù…Ø­Ø§ÙˆÙ„Ø© Ù…Ø±Ø© Ø£Ø®Ø±Ù‰.",
"Please select a Print Template","ÙŠØ±Ø¬Ù‰ Ø§Ø®ØªÙŠØ§Ø± Ù‚Ø§Ù„Ø¨ Ù„Ù„Ø·Ø¨Ø§Ø¹Ø©",
"Please select a valid reference type.","ÙŠØ±Ø¬Ù‰ Ø§Ø®ØªÙŠØ§Ø± Ù†ÙˆØ¹ Ù…Ø±Ø¬Ø¹ ØµØ§Ù„Ø­.",
"Please set GSTIN in General Settings.","ÙŠØ±Ø¬Ù‰ ØªØ¹ÙŠÙŠÙ† Ø±Ù‚Ù… GSTIN ÙÙŠ Ø§Ù„Ø¥Ø¹Ø¯Ø§Ø¯Ø§Øª Ø§Ù„Ø¹Ø§Ù…Ø©.",
"Please set Round Off Account in the Settings.","ÙŠØ±Ø¬Ù‰ ØªØ¹ÙŠÙŠÙ† Ø­Ø³Ø§Ø¨ Ø§Ù„ØªÙ‚Ø±ÙŠØ¨ ÙÙŠ Ø§Ù„Ø¥Ø¹Ø¯Ø§Ø¯Ø§Øª.",
"Please set a Display Doc","ÙŠØ±Ø¬Ù‰ ØªØ¹ÙŠÙŠÙ† Ù…Ø³ØªÙ†Ø¯ Ù„Ù„Ø¹Ø±Ø¶",
"Point of Sale","Ù†Ù‚Ø·Ø© Ø§Ù„Ø¨ÙŠØ¹",
"Postal Code","Ø§Ù„Ø±Ù…Ø² Ø§Ù„Ø¨Ø±ÙŠØ¯ÙŠ",
"Postal Expenses","Ø§Ù„Ù…ØµØ§Ø±ÙŠÙ Ø§Ù„Ø¨Ø±ÙŠØ¯ÙŠØ©",
"Posting Date","ØªØ§Ø±ÙŠØ® Ø§Ù„Ù†Ø´Ø±",
"Prefix","Ø¨Ø§Ø¯Ø¦Ø©",
"Price List","Ù‚Ø§Ø¦Ù…Ø© Ø§Ù„Ø£Ø³Ø¹Ø§Ø±",
"Price List Item","Ø¹Ù†ØµØ± Ù‚Ø§Ø¦Ù…Ø© Ø§Ù„Ø£Ø³Ø¹Ø§Ø±",
"Prime Bank","Ø§Ù„Ø¨Ù†Ùƒ Ø§Ù„Ø±Ø¦ÙŠØ³ÙŠ",
"Print","Ø·Ø¨Ø§Ø¹Ø©",
"Print ${0}","Ø·Ø¨Ø§Ø¹Ø© ${0}",
"Print Settings","Ø¥Ø¹Ø¯Ø§Ø¯Ø§Øª Ø§Ù„Ø·Ø¨Ø§Ø¹Ø©",
"Print Setup","Ø¥Ø¹Ø¯Ø§Ø¯ Ø§Ù„Ø·Ø¨Ø§Ø¹Ø©",
"Print Template","Ù‚Ø§Ù„Ø¨ Ø§Ù„Ø·Ø¨Ø§Ø¹Ø©",
"Print Template Name not set","Ø§Ø³Ù… Ù‚Ø§Ù„Ø¨ Ø§Ù„Ø·Ø¨Ø§Ø¹Ø© ØºÙŠØ± Ù…Ø¹ÙŠÙ‘Ù†",
"Print Template is empty","Ù‚Ø§Ù„Ø¨ Ø§Ù„Ø·Ø¨Ø§Ø¹Ø© ÙØ§Ø±Øº",
"Print Templates","Ù‚ÙˆØ§Ù„Ø¨ Ø§Ù„Ø·Ø¨Ø§Ø¹Ø©",
"Print View","Ø¹Ø±Ø¶ Ø§Ù„Ø·Ø¨Ø§Ø¹Ø©",
"Print and Stationery","Ø·Ø¨Ø§Ø¹Ø© Ùˆ Ø§Ù„Ù…ÙƒØªØ¨Ø©",
Product,"Ù…Ù†ØªØ¬ ",
"Profit And Loss","ØªÙ‚Ø±ÙŠØ± Ø§Ù„Ø±Ø¨Ø­ ÙˆØ§Ù„Ø®Ø³Ø§Ø±Ø©",
"Profit and Loss","Ø§Ù„Ø±Ø¨Ø­ ÙˆØ§Ù„Ø®Ø³Ø§Ø±Ø©",
Purchase,Ø´Ø±Ø§Ø¡,
"Purchase Acc."," Ø­Ø³Ø§Ø¨ Ø§Ù„Ù…Ø¨ÙŠØ¹Ø§Øª",
"Purchase Invoice"," ÙØ§ØªÙˆØ±Ø© Ù…Ø´ØªØ±ÙŠØ§Øª ",
"Purchase Invoice Item",,
"Purchase Invoice Number Series"," ØªØ³Ù„Ø³Ù„ ÙØ§ØªÙˆØ±Ø© Ø§Ù„Ù…Ø´ØªØ±ÙŠØ§Øª",
"Purchase Invoice Print Template","  Ù‚Ø§Ù„Ø¨ Ø§Ù„Ø·Ø§Ø¨Ø¹Ø© ÙØ§ØªÙˆØ±Ø© Ø§Ù„Ù…Ø´ØªØ±ÙŠØ§Øª",
"Purchase Invoice Terms"," Ø´Ø±ÙˆØ· ÙØ§ØªÙˆØ±Ø© Ø§Ù„Ù…Ø´ØªØ±ÙŠØ§Øª",
"Purchase Invoices"," ÙØ§ØªÙˆØ±Ø© Ù…Ø´ØªØ±ÙŠØ§Øª ",
"Purchase Item",,
"Purchase Item Created",,
"Purchase Items","Ø´Ø±Ø§Ø¡ Ø§Ù„Ø¹Ù†Ø§ØµØ±",
"Purchase Payment",,
"Purchase Payment Account"," Ø­Ø³Ø§Ø¨ Ø¯ÙØ¹ Ø§Ù„Ù…Ø´ØªØ±ÙŠØ§Øª",
"Purchase Payments"," Ù…Ø¯ÙÙˆØ¹Ø§Øª Ø§Ù„Ù…Ø´ØªØ±ÙŠØ§Øª ",
"Purchase Receipt"," Ø§ÙŠØµØ§Ù„  Ø§Ù„Ø´Ø±Ø§Ø¡  ",
"Purchase Receipt Item",,
"Purchase Receipt Location"," Ù…ÙˆÙ‚Ø¹ Ø§Ø³ØªÙ„Ø§Ù… Ø§Ù„Ù…Ø´ØªØ±ÙŠØ§Øª",
"Purchase Receipt Number Series"," ØªØ³Ù„Ø³Ù„  Ø§Ø³ØªÙ„Ø§Ù… Ø§Ù„Ù…Ø´ØªØ±ÙŠØ§Øª",
"Purchase Receipt Print Template","  Ù‚Ø§Ù„Ø¨ Ø§Ù„Ø·Ø§Ø¨Ø¹Ø© Ø§Ø³ØªÙ„Ø§Ù… Ø§Ù„Ù…Ø´ØªØ±ÙŠØ§Øª",
"Purchase Receipt Terms"," Ø´Ø±ÙˆØ· Ø§Ø³ØªÙ„Ø§Ù… Ø§Ù„Ù…Ø´ØªØ±ÙŠØ§Øª",
"Purchases","Ø§Ù„Ù…Ø´ØªØ±ÙŠØ§Øª",
"Purple","Ø£Ø±Ø¬ÙˆØ§Ù†ÙŠ",
"Purpose","Ø§Ù„ØºØ±Ø¶",
"Qty in Batch","Ø§Ù„ÙƒÙ…ÙŠØ© ÙÙŠ Ø§Ù„Ø¯ÙØ¹Ø©",
"Qty. ${0}","Ø§Ù„ÙƒÙ…ÙŠØ© ${0}",
"Qty. in Transfer Unit","Ø§Ù„ÙƒÙ…ÙŠØ© ÙÙŠ ÙˆØ­Ø¯Ø© Ø§Ù„ØªØ­ÙˆÙŠÙ„",
"Quantity","Ø§Ù„ÙƒÙ…ÙŠØ©",
"Quantity (${0}) has to be greater than zero","ÙŠØ¬Ø¨ Ø£Ù† ØªÙƒÙˆÙ† Ø§Ù„ÙƒÙ…ÙŠØ© (${0}) Ø£ÙƒØ¨Ø± Ù…Ù† ØµÙØ±",
"Quantity needs to be set","ÙŠØ¬Ø¨ ØªØ¹ÙŠÙŠÙ† Ø§Ù„ÙƒÙ…ÙŠØ©",
"Quarterly","Ø±Ø¨Ø¹ Ø³Ù†ÙˆÙŠ",
"Quarters","Ø£Ø±Ø¨Ø§Ø¹",
"Quick Search","Ø§Ù„Ø¨Ø­Ø« Ø§Ù„Ø³Ø±ÙŠØ¹",
"Quick edit error: ${0} entry has no name.","Ø®Ø·Ø£ ÙÙŠ Ø§Ù„ØªØ­Ø±ÙŠØ± Ø§Ù„Ø³Ø±ÙŠØ¹: Ø§Ù„Ø¥Ø¯Ø®Ø§Ù„ ${0} Ù„ÙŠØ³ Ù„Ù‡ Ø§Ø³Ù….",
"Quote","Ø¹Ø±Ø¶ Ø³Ø¹Ø±",
"Quote Reference","Ù…Ø±Ø¬Ø¹ Ø¹Ø±Ø¶ Ø§Ù„Ø³Ø¹Ø±",
"Rate","Ø³Ø¹Ø±",
"Rate (${0}) cannot be less zero.","Ù„Ø§ ÙŠÙ…ÙƒÙ† Ø£Ù† ÙŠÙƒÙˆÙ† Ø§Ù„Ø³Ø¹Ø± (${0}) Ø£Ù‚Ù„ Ù…Ù† ØµÙØ±.",
"Rate (${0}) has to be greater than zero","ÙŠØ¬Ø¨ Ø£Ù† ÙŠÙƒÙˆÙ† Ø§Ù„Ø³Ø¹Ø± (${0}) Ø£ÙƒØ¨Ø± Ù…Ù† ØµÙØ±",
"Rate can't be negative.","Ù„Ø§ ÙŠÙ…ÙƒÙ† Ø£Ù† ÙŠÙƒÙˆÙ† Ø§Ù„Ø³Ø¹Ø± Ø³Ø§Ù„Ø¨Ù‹Ø§",
"Rate needs to be set","ÙŠØ¬Ø¨ ØªØ¹ÙŠÙŠÙ† Ø§Ù„Ø³Ø¹Ø±",
"Raw Value: ${0}","Ø§Ù„Ù‚ÙŠÙ…Ø© Ø§Ù„Ø®Ø§Ù…: ${0}",
"Receivable","Ù…Ø¯ÙŠÙ†",
"Receive","Ø§Ø³ØªÙ„Ø§Ù…",
"Red","Ø£Ø­Ù…Ø±",
"Ref Name","Ø§Ø³Ù… Ø§Ù„Ù…Ø±Ø¬Ø¹",
"Ref Type","  Ù†ÙˆØ¹ Ø§Ù„Ù…ØµØ¯Ø±",
"Ref. / Cheque No.","Ø§Ù„Ù…Ø±Ø¬Ø¹. / Ø±Ù‚Ù… Ø§Ù„Ø´ÙŠÙƒ",
"Ref. Date","Ø§Ù„Ù…Ø±Ø¬Ø¹. Ø§Ù„ØªØ§Ø±ÙŠØ®",
"Ref. Name","Ø§Ù„Ù…Ø±Ø¬Ø¹. Ø§Ù„Ø§Ø³Ù…",
"Ref. Type","Ø§Ù„Ù…Ø±Ø¬Ø¹. Ø§Ù„Ù†ÙˆØ¹",
"Reference","Ù…Ø±Ø¬Ø¹",
"Reference Date","ØªØ§Ø±ÙŠØ® Ø§Ù„Ù…Ø±Ø¬Ø¹",
"Reference Number","Ø§Ù„Ø±Ù‚Ù… Ø§Ù„Ù…Ø±Ø¬Ø¹ÙŠ",
"Reference Type","Ù†ÙˆØ¹ Ø§Ù„Ù…Ø±Ø¬Ø¹",
References,"  Ø§Ù„Ù…Ø±Ø¬Ø¹",
"Reload Viti Books?","Ø¥Ø¹Ø§Ø¯Ø© ØªØ­Ù…ÙŠÙ„ Frappe BooksØŸ",
"Report","ØªÙ‚Ø±ÙŠØ±",
"Report Error","Ø§Ù„Ø¥Ø¨Ù„Ø§Øº Ø¹Ù† Ø®Ø·Ø£",
"Report Issue","Ø§Ù„Ø¥Ø¨Ù„Ø§Øº Ø¹Ù† Ù…Ø´ÙƒÙ„Ø©",
"Report will use more than one page if required.","Ø³ÙŠØ³ØªØ®Ø¯Ù… Ø§Ù„ØªÙ‚Ø±ÙŠØ± Ø£ÙƒØ«Ø± Ù…Ù† ØµÙØ­Ø© Ø¥Ø°Ø§ Ù„Ø²Ù… Ø§Ù„Ø£Ù…Ø±.",
"Reports","Ø§Ù„ØªÙ‚Ø§Ø±ÙŠØ±",
"Required fields not selected: ${0}","Ø§Ù„Ø­Ù‚ÙˆÙ„ Ø§Ù„Ù…Ø·Ù„ÙˆØ¨Ø© ØºÙŠØ± Ù…Ø­Ø¯Ø¯Ø©: ${0}",
"Retained Earnings","Ø§Ù„Ø£Ø±Ø¨Ø§Ø­ Ø§Ù„Ù…Ø­ØªØ¬Ø²Ø©",
"Return","Ø¥Ø±Ø¬Ø§Ø¹",
"Return Against","Ø¥Ø±Ø¬Ø§Ø¹ Ù…Ù‚Ø§Ø¨Ù„",
"Return Issued","ØªÙ… Ø¥ØµØ¯Ø§Ø± Ø§Ù„Ø¥Ø±Ø¬Ø§Ø¹",
"Reverse Chrg.","Ø§Ù„Ø±Ø³ÙˆÙ… Ø§Ù„Ø¹ÙƒØ³ÙŠØ©",
"Reverted","ØªÙ… Ø¥Ø±Ø¬Ø§Ø¹Ù‡",
"Reverts","Ø¥Ø±Ø¬Ø§Ø¹Ø§Øª",
"Review Accounts","Ù…Ø±Ø§Ø¬Ø¹Ø© Ø§Ù„Ø­Ø³Ø§Ø¨Ø§Øª",
"Review your chart of accounts, add any account or tax heads as needed","Ø±Ø§Ø¬Ø¹ Ø¯Ù„ÙŠÙ„ Ø§Ù„Ø­Ø³Ø§Ø¨Ø§Øª Ø§Ù„Ø®Ø§Øµ Ø¨ÙƒØŒ ÙˆØ£Ø¶Ù Ø£ÙŠ Ø­Ø³Ø§Ø¨ Ø£Ùˆ Ø¨Ù†ÙˆØ¯ Ø¶Ø±ÙŠØ¨ÙŠØ© Ø­Ø³Ø¨ Ø§Ù„Ø­Ø§Ø¬Ø©",
"Right Index","Ø§Ù„ÙÙ‡Ø±Ø³ Ø§Ù„Ø£ÙŠÙ…Ù†",
"Role","Ø§Ù„Ø¯ÙˆØ±",
"Root Type","Ù†ÙˆØ¹ Ø§Ù„Ø¬Ø°Ø±",
"Round Off","ØªÙ‚Ø±ÙŠØ¨",
"Round Off Account","Ø­Ø³Ø§Ø¨ Ø§Ù„ØªÙ‚Ø±ÙŠØ¨",
"Round Off Account Not Found","Ù„Ù… ÙŠØªÙ… Ø§Ù„Ø¹Ø«ÙˆØ± Ø¹Ù„Ù‰ Ø­Ø³Ø§Ø¨ Ø§Ù„ØªÙ‚Ø±ÙŠØ¨",
"Rounded Off","Ù…ÙÙ‚Ø±Ù‘Ø¨",
"Row ${0}","ØµÙ ${0}",
Sa,,
Salary,Ø§Ù„Ø±Ø§ØªØ¨,
Sales,Ø§Ù„Ù…Ø¨ÙŠØ¹Ø§Øª,
"Sales Acc."," Ø­Ø³Ø§Ø¨ Ø§Ù„Ù…Ø¨ÙŠØ¹Ø§Øª",
"Sales Expenses","Ù…ØµØ§Ø±ÙŠÙ Ø§Ù„Ù…Ø¨ÙŠØ¹Ø§Øª",
"Sales Invoice","ÙØ§ØªÙˆØ±Ø© Ù…Ø¨ÙŠØ¹Ø§Øª",
"Sales Invoice ${0} is Submitted","ØªÙ… ØªØ³Ø¬ÙŠÙ„ ÙØ§ØªÙˆØ±Ø© Ø§Ù„Ù…Ø¨ÙŠØ¹Ø§Øª ${0}"
"Sales Invoice Item","Ø§ØµÙ†Ø§Ù ÙØ§ØªÙˆØ±Ø© Ø§Ù„Ù…Ø¨ÙŠØ¹Ø§Øª",
"Sales Invoice Number Series"," ØªØ³Ù„Ø³Ù„ ÙØ§ØªÙˆØ±Ø© Ø§Ù„Ù…Ø¨ÙŠØ¹Ø§Øª",
"Sales Invoice Print Template","  Ù‚Ø§Ù„Ø¨ Ø§Ù„Ø·Ø§Ø¨Ø¹Ø© ÙØ§ØªÙˆØ±Ø© Ø§Ù„Ù…Ø¨ÙŠØ¹Ø§Øª ",
"Sales Invoice Terms"," Ø´Ø±ÙˆØ· ÙØ§ØªÙˆØ±Ø© Ø§Ù„Ù…Ø¨ÙŠØ¹Ø§Øª",
"Sales Invoices","ÙÙˆØ§ØªÙŠØ± Ø§Ù„Ù…Ø¨ÙŠØ¹Ø§Øª",
"Sales Item",,
"Sales Item Created","ØªÙ… Ø§Ù†Ø´Ø§Ø¡ ØµÙ†Ù Ù…Ø¨ÙŠØ¹Ø§Øª",
"Sales Items","Ø¹Ù†Ø§ØµØ± Ø§Ù„Ù…Ø¨ÙŠØ¹Ø§Øª",
"Sales Payment",,
"Sales Payment Account"," Ø­Ø³Ø§Ø¨ Ø¯ÙØ¹ Ø§Ù„Ù…Ø¨ÙŠØ¹Ø§Øª",
"Sales Payments","Ù…Ø¯ÙÙˆØ¹Ø§Øª Ø§Ù„Ù…Ø¨ÙŠØ¹Ø§Øª",
"Sales Quote","Ø¹Ø±Ø¶ Ø³Ø¹Ø±",
"Sales Quote Item","Ø¹Ù†ØµØ± Ø¹Ø±Ø¶ Ø§Ù„Ø³Ø¹Ø±",
"Sales Quote Number Series","Ø³Ù„Ø³Ù„Ø© Ø£Ø±Ù‚Ø§Ù… Ø¹Ø±ÙˆØ¶ Ø§Ù„Ø³Ø¹Ø±",
"Sales Quote Print Template","Ù‚Ø§Ù„Ø¨ Ø·Ø¨Ø§Ø¹Ø© Ø¹Ø±Ø¶ Ø§Ù„Ø³Ø¹Ø±",
"Sales Quotes","Ø¹Ø±ÙˆØ¶ Ø§Ù„Ø£Ø³Ø¹Ø§Ø±",
"Sales and Purchase","Ø§Ù„Ù…Ø¨ÙŠØ¹Ø§Øª ÙˆØ§Ù„Ù…Ø´ØªØ±ÙŠØ§Øª",
"Save","Ø­ÙØ¸",
"Save ${0}?","Ù‡Ù„ ØªØ±ÙŠØ¯ Ø­ÙØ¸ ${0}ØŸ",
"Save Customizations","Ø­ÙØ¸ Ø§Ù„ØªØ®ØµÙŠØµØ§Øª",
"Save Template","Ø­ÙØ¸ Ø§Ù„Ù†Ù…ÙˆØ°Ø¬",
"Save Template File","Ø­ÙØ¸ Ù…Ù„Ù Ø§Ù„Ù†Ù…ÙˆØ°Ø¬",
"Save as PDF","Ø­ÙØ¸ ÙƒÙ…Ù„Ù PDF",
"Save as PDF Successful","ØªÙ… Ø§Ù„Ø­ÙØ¸ ÙƒÙ…Ù„Ù PDF Ø¨Ù†Ø¬Ø§Ø­",
"Save changes made to ${0}?","Ù‡Ù„ ØªØ±ÙŠØ¯ Ø­ÙØ¸ Ø§Ù„ØªØºÙŠÙŠØ±Ø§Øª Ø§Ù„ØªÙŠ Ø£ÙØ¬Ø±ÙŠØª Ø¹Ù„Ù‰ ${0}ØŸ",
"Save or Submit an entry.","Ø§Ø­ÙØ¸ Ø£Ùˆ Ø³Ø¬Ù‘Ù„ Ø¥Ø¯Ø®Ø§Ù„Ù‹Ø§.",
"Saved","ØªÙ… Ø§Ù„Ø­ÙØ¸",
"Search an Item","Ø§Ø¨Ø­Ø« Ø¹Ù† Ø¹Ù†ØµØ±",
"Secured Loans","Ù‚Ø±ÙˆØ¶ Ù…Ø¶Ù…ÙˆÙ†Ø©",
"Securities and Deposits","Ø§Ù„Ø£ÙˆØ±Ø§Ù‚ Ø§Ù„Ù…Ø§Ù„ÙŠØ© ÙˆØ§Ù„ÙˆØ¯Ø§Ø¦Ø¹",
Select,ØªØ­Ø¯ÙŠØ¯,
"Select CoA","Ø­Ø¯Ø¯ Ø´Ù‡Ø§Ø¯Ø© ØªÙˆØ«ÙŠÙ‚ Ø§Ù„Ø¨Ø±Ø§Ù…Ø¬",
"Select Color","ØªØ­Ø¯ÙŠØ¯ Ø§Ù„Ù„ÙˆÙ†",
"Select Country","ØªØ­Ø¯ÙŠØ¯ Ø§Ù„Ø¯ÙˆÙ„Ø©",
"Select File","ØªØ­Ø¯ÙŠØ¯ Ù…Ù„Ù",
"Select Image","Ø­Ø¯Ø¯ ØµÙˆØ±Ø©",
"Select Template File","Ø§Ø®ØªØ± Ù…Ù„Ù Ø§Ù„Ù‚Ø§Ù„Ø¨",
"Select a Display Doc to view the Template","Ø§Ø®ØªØ± Ù…Ø³ØªÙ†Ø¯Ù‹Ø§ Ù„Ù„Ø¹Ø±Ø¶ Ù„Ø¹Ø±Ø¶ Ø§Ù„Ù‚Ø§Ù„Ø¨",
"Select a Template type","Ø§Ø®ØªØ± Ù†ÙˆØ¹ Ø§Ù„Ù‚Ø§Ù„Ø¨",
"Select a form type to customize","Ø§Ø®ØªØ± Ù†ÙˆØ¹ Ø§Ù„Ù†Ù…ÙˆØ°Ø¬ Ù„ØªØ®ØµÙŠØµÙ‡",
"Select a pre-defined page size, or set a custom page size for your Print Template.","Ø§Ø®ØªØ± Ø­Ø¬Ù… ØµÙØ­Ø© Ù…Ø­Ø¯Ø¯ Ù…Ø³Ø¨Ù‚Ù‹Ø§ØŒ Ø£Ùˆ Ø¹ÙŠÙ‘Ù† Ø­Ø¬Ù… ØµÙØ­Ø© Ù…Ø®ØµØµ Ù„Ù‚Ø§Ù„Ø¨ Ø§Ù„Ø·Ø¨Ø§Ø¹Ø© Ø§Ù„Ø®Ø§Øµ Ø¨Ùƒ.",
"Select column","Ø§Ø®ØªØ± Ø¹Ù…ÙˆØ¯Ù‹Ø§",
"Select file","ØªØ­Ø¯ÙŠØ¯ Ù…Ù„Ù",
"Select folder","ØªØ­Ø¯ÙŠØ¯ Ù…Ø¬Ù„Ø¯",
"Select the template type.","Ø§Ø®ØªØ± Ù†ÙˆØ¹ Ø§Ù„Ù‚Ø§Ù„Ø¨.",
"Selected","Ù…Ø­Ø¯Ø¯",
"September","Ø³Ø¨ØªÙ…Ø¨Ø±",
"Serial Number","Ø§Ù„Ø±Ù‚Ù… Ø§Ù„ØªØ³Ù„Ø³Ù„ÙŠ",
"Serial Number ${0} does not belong to the item ${1}.","Ø§Ù„Ø±Ù‚Ù… Ø§Ù„ØªØ³Ù„Ø³Ù„ÙŠ ${0} Ù„Ø§ ÙŠØ®Øµ Ø§Ù„ØµÙ†Ù ${1}.",
"Serial Number ${0} does not exist.","Ø§Ù„Ø±Ù‚Ù… Ø§Ù„ØªØ³Ù„Ø³Ù„ÙŠ ${0} ØºÙŠØ± Ù…ÙˆØ¬ÙˆØ¯.",
"Serial Number ${0} is not Active.","Ø§Ù„Ø±Ù‚Ù… Ø§Ù„ØªØ³Ù„Ø³Ù„ÙŠ ${0} ØºÙŠØ± Ù†Ø´Ø·.",
"Serial Number ${0} is not Inactive","Ø§Ù„Ø±Ù‚Ù… Ø§Ù„ØªØ³Ù„Ø³Ù„ÙŠ ${0} Ù„ÙŠØ³ ØºÙŠØ± Ù†Ø´Ø·.",
"Serial Number ${0} status is not Active.","Ø­Ø§Ù„Ø© Ø§Ù„Ø±Ù‚Ù… Ø§Ù„ØªØ³Ù„Ø³Ù„ÙŠ ${0} Ù„ÙŠØ³Øª Ù†Ø´Ø·Ø©.",
"Serial Number Description","ÙˆØµÙ Ø§Ù„Ø±Ù‚Ù… Ø§Ù„ØªØ³Ù„Ø³Ù„ÙŠ",
"Serial Number is enabled for Item ${0}","ØªÙ… ØªÙØ¹ÙŠÙ„ Ø§Ù„Ø±Ù‚Ù… Ø§Ù„ØªØ³Ù„Ø³Ù„ÙŠ Ù„Ù„ØµÙ†Ù ${0}",
"Serial Number is not enabled for Item ${0}","Ù„Ù… ÙŠØªÙ… ØªÙØ¹ÙŠÙ„ Ø§Ù„Ø±Ù‚Ù… Ø§Ù„ØªØ³Ù„Ø³Ù„ÙŠ Ù„Ù„ØµÙ†Ù ${0}",
"Serial Number not set for row ${0}.","Ø§Ù„Ø±Ù‚Ù… Ø§Ù„ØªØ³Ù„Ø³Ù„ÙŠ ØºÙŠØ± Ù…Ø¹ÙŠÙ‘Ù† Ù„Ù„ØµÙ ${0}.",
"Serial Number set for row ${0}.","ØªÙ… ØªØ¹ÙŠÙŠÙ† Ø§Ù„Ø±Ù‚Ù… Ø§Ù„ØªØ³Ù„Ø³Ù„ÙŠ Ù„Ù„ØµÙ ${0}.",
"Service","Ø§Ù„Ø®Ø¯Ù…Ø©",
"Set Discount Amount","ØªØ¹ÙŠÙŠÙ† Ù…Ø¨Ù„Øº Ø§Ù„Ø®ØµÙ…",
"Set Period","ØªØ¹ÙŠÙŠÙ† Ø§Ù„ÙØªØ±Ø©",
"Set Print Size","ØªØ¹ÙŠÙŠÙ† Ø­Ø¬Ù… Ø§Ù„Ø·Ø¨Ø§Ø¹Ø©",
"Set Template Type","ØªØ¹ÙŠÙŠÙ† Ù†ÙˆØ¹ Ø§Ù„Ù‚Ø§Ù„Ø¨",
"Set Up","Ø¥Ø¹Ø¯Ø§Ø¯",
"Set Up Your Workspace","Ø¥Ø¹Ø¯Ø§Ø¯ Ù…Ø³Ø§Ø­Ø© Ø§Ù„Ø¹Ù…Ù„ Ø§Ù„Ø®Ø§ØµØ© Ø¨Ùƒ",
"Set a Template value to see the Print Template","Ù‚Ù… Ø¨ØªØ¹ÙŠÙŠÙ† Ù‚ÙŠÙ…Ø© Ø§Ù„Ù‚Ø§Ù„Ø¨ Ù„Ø±Ø¤ÙŠØ© Ù‚Ø§Ù„Ø¨ Ø§Ù„Ø·Ø¨Ø§Ø¹Ø©",
"Set an Import Type","ØªØ¹ÙŠÙŠÙ† Ù†ÙˆØ¹ Ø§Ù„Ø§Ø³ØªÙŠØ±Ø§Ø¯",
"Set the display language.","Ø¶Ø¨Ø· Ù„ØºØ© Ø§Ù„Ø¹Ø±Ø¶.",
"Set the local code. This is used for number formatting.","Ø§Ø¶Ø¨Ø· Ø§Ù„ÙƒÙˆØ¯ Ø§Ù„Ù…Ø­Ù„ÙŠ. ÙŠØ³ØªØ®Ø¯Ù… Ù‡Ø°Ø§ Ù„ØªÙ†Ø³ÙŠÙ‚ Ø§Ù„Ø£Ø±Ù‚Ø§Ù…",
"Set up your company information, email, country and fiscal year","Ù‚Ù… Ø¨Ø¥Ø¹Ø¯Ø§Ø¯ Ù…Ø¹Ù„ÙˆÙ…Ø§Øª Ø´Ø±ÙƒØªÙƒØŒ Ø§Ù„Ø¨Ø±ÙŠØ¯ Ø§Ù„Ø¥Ù„ÙƒØªØ±ÙˆÙ†ÙŠØŒ Ø§Ù„Ø¯ÙˆÙ„Ø© ÙˆØ§Ù„Ø³Ù†Ø© Ø§Ù„Ù…Ø§Ù„ÙŠØ©",
"Set up your opening balances before performing any accounting entries","Ù‚Ù… Ø¨Ø¥Ø¹Ø¯Ø§Ø¯ Ø£Ø±ØµØ¯Ø© Ø§Ù„Ø§ÙØªØªØ§Ø­ Ù‚Ø¨Ù„ ØªÙ†ÙÙŠØ° Ø£ÙŠ Ù‚ÙŠÙˆØ¯ Ù…Ø­Ø§Ø³Ø¨ÙŠØ©",
"Set up your organization","Ø¥Ø¹Ø¯Ø§Ø¯ Ù…Ù†Ø¸Ù…ØªÙƒ",
"Set up your tax templates for your sales or purchase transactions","Ù‚Ù… Ø¨Ø¥Ø¹Ø¯Ø§Ø¯ Ù‚ÙˆØ§Ù„Ø¨ Ø§Ù„Ø¶Ø±Ø§Ø¦Ø¨ Ù„Ù…Ø¹Ø§Ù…Ù„Ø§Øª Ø§Ù„Ø¨ÙŠØ¹ Ø£Ùˆ Ø§Ù„Ø´Ø±Ø§Ø¡ Ø§Ù„Ø®Ø§ØµØ© Ø¨Ùƒ",
"Sets how many digits are shown after the decimal point.","ÙŠØ¹ÙŠÙ† Ø¹Ø¯Ø¯ Ø§Ù„Ø£Ø±Ù‚Ø§Ù… Ø§Ù„ØªÙŠ ØªØ¸Ù‡Ø± Ø¨Ø¹Ø¯ Ø§Ù„Ø¹Ù„Ø§Ù…Ø© Ø§Ù„Ø¹Ø´Ø±ÙŠØ©.",
"Sets the app-wide date display format.","ÙŠØ¶Ø¨Ø· ØªÙ†Ø³ÙŠÙ‚ Ø¹Ø±Ø¶ Ø§Ù„ØªØ§Ø±ÙŠØ® Ø¹Ù„Ù‰ Ù…Ø³ØªÙˆÙ‰ Ø§Ù„ØªØ·Ø¨ÙŠÙ‚.",
"Sets the internal precision used for monetary calculations. Above 6 should be sufficient for most currencies.","ÙŠØ¶Ø¨Ø· Ø§Ù„Ø¯Ù‚Ø© Ø§Ù„Ø¯Ø§Ø®Ù„ÙŠØ© Ø§Ù„Ù…Ø³ØªØ®Ø¯Ù…Ø© ÙÙŠ Ø§Ù„Ø­Ø³Ø§Ø¨Ø§Øª Ø§Ù„Ù†Ù‚Ø¯ÙŠØ©. Ø§Ù„Ø±Ù‚Ù… Ø§Ù„Ø£Ø¹Ù„Ù‰ Ù…Ù† 6 ÙŠØ¬Ø¨ Ø£Ù† ÙŠÙƒÙˆÙ† ÙƒØ§ÙÙŠÙ‹Ø§ Ù„Ù…Ø¹Ø¸Ù… Ø§Ù„Ø¹Ù…Ù„Ø§Øª",
"Setting Up Instance","Ø¥Ø¹Ø¯Ø§Ø¯ Ø§Ù„Ù…Ø«ÙŠÙ„",
Settings,Ø§Ù„Ø¥Ø¹Ø¯Ø§Ø¯Ø§Øª,
Setup,Ø§Ù„Ø¥Ø¹Ø¯Ø§Ø¯,
"Setup Complete","Ø§ÙƒØªÙ…Ù„ Ø§Ù„Ø¥Ø¹Ø¯Ø§Ø¯",
"Setup Wizard","Ù…Ø¹Ø§Ù„Ø¬ Ø§Ù„Ø¥Ø¹Ø¯Ø§Ø¯",
"Setup system defaults like date format and display precision",,
Shipment," Ø§Ù„Ø´Ø­Ù† ",
"Shipment ${0} is Submitted",,
"Shipment Item","Ø¹Ù†ØµØ± Ø§Ù„Ø´Ø­Ù†Ø©",
"Shipment Location","Ù…ÙˆÙ‚Ø¹ Ø´Ø­Ù† Ø§Ù„Ø¨Ø¶Ø§Ø¹Ø©",
"Shipment Number Series","Ø³Ù„Ø³Ù„Ø© Ø£Ø±Ù‚Ø§Ù… Ø§Ù„Ø´Ø­Ù†",
"Shipment Print Template","Ù‚Ø§Ù„Ø¨ Ø·Ø¨Ø§Ø¹Ø© Ø§Ù„Ø´Ø­Ù†Ø©",
"Shipment Terms","Ø´Ø±ÙˆØ· Ø§Ù„Ø´Ø­Ù†",
"Shortcuts","Ø§Ù„Ø§Ø®ØªØµØ§Ø±Ø§Øª",
"Should entries be submitted after syncing?","Ù‡Ù„ ÙŠØ¬Ø¨ ØªØ³Ø¬ÙŠÙ„ Ø§Ù„Ø¥Ø¯Ø®Ø§Ù„Ø§Øª Ø¨Ø¹Ø¯ Ø§Ù„Ù…Ø²Ø§Ù…Ù†Ø©ØŸ",
"Show HSN","Ø¥Ø¸Ù‡Ø§Ø± Ø±Ù…Ø² HSN",
"Show Me","Ø£Ø±Ù†ÙŠ",
"Show Month/Year","Ø¥Ø¸Ù‡Ø§Ø± Ø§Ù„Ø´Ù‡Ø±/Ø§Ù„Ø³Ù†Ø©",
"Single Value","Ù‚ÙŠÙ…Ø© Ù…ÙØ±Ø¯Ø©",
"Skip Child Tables","ØªØ®Ø·ÙŠ Ø§Ù„Ø¬Ø¯Ø§ÙˆÙ„ Ø§Ù„ÙØ±Ø¹ÙŠØ©",
"Skip Transactions","ØªØ®Ø·ÙŠ Ø§Ù„Ù…Ø¹Ø§Ù…Ù„Ø§Øª",
"Smallest Currency Fraction Value","Ø£ØµØºØ± Ù‚ÙŠÙ…Ø© ÙƒØ³Ø± Ù„Ù„Ø¹Ù…Ù„Ø©",
"Softwares","Ø§Ù„Ø¨Ø±Ø§Ù…Ø¬",
"Something has gone terribly wrong. Please check the console and raise an issue.","Ù„Ù‚Ø¯ Ø­Ø¯Ø« Ø®Ø·Ø£ Ù…Ø§ Ø¨Ø´ÙƒÙ„ Ø±Ù‡ÙŠØ¨. ÙŠØ±Ø¬Ù‰ Ø§Ù„ØªØ­Ù‚Ù‚ Ù…Ù† ÙˆØ­Ø¯Ø© Ø§Ù„ØªØ­ÙƒÙ… ÙˆØ¥Ø«Ø§Ø±Ø© Ø§Ù„Ù…Ø´ÙƒÙ„Ø©",
"Source of Funds (Liabilities)","Ù…ØµØ¯Ø± Ø§Ù„Ø£Ù…ÙˆØ§Ù„ (Ø§Ù„Ø®ØµÙˆÙ…)",
"Standard Chart of Accounts","Ø§Ù„Ù…Ø®Ø·Ø· Ø§Ù„Ù‚ÙŠØ§Ø³ÙŠ Ù„Ù„Ø­Ø³Ø§Ø¨Ø§Øª",
Start,Ø§Ø¨Ø¯Ø£,
"Start From Row Index",,
State,Ø§Ù„Ø¯ÙˆÙ„Ø©,
"State Tax","Ø¶Ø±ÙŠØ¨Ø© Ø§Ù„ÙˆÙ„Ø§ÙŠØ©",
Status,Ø§Ù„Ø­Ø§Ù„Ø©,
Stock,,
"Stock Adjustment","ØªØ³ÙˆÙŠØ© Ø§Ù„Ù…Ø®Ø²ÙˆÙ†",
"Stock Assets","Ø£ØµÙˆÙ„ Ø§Ù„Ù…Ø®Ø²ÙˆÙ†",
"Stock Balance"," Ø±ØµÙŠØ¯ Ø§Ù„Ù…Ø®Ø²ÙˆÙ†  ",
"Stock Entries",,
"Stock Expenses","Ù…ØµØ§Ø±ÙŠÙ Ø§Ù„Ù…Ø®Ø²ÙˆÙ†",
"Stock In Hand","Ø§Ù„Ù…Ø®Ø²ÙˆÙ† ÙÙŠ Ù…ØªÙ†Ø§ÙˆÙ„ Ø§Ù„ÙŠØ¯",
"Stock In Hand Acc."," Ø­Ø³Ø§Ø¨ Ø§Ù„Ù…Ø®Ø²ÙˆÙ† ÙÙŠ Ù…ØªÙ†Ø§ÙˆÙ„ Ø§Ù„ÙŠØ¯",
"Stock Ledger","Ø¯ÙØªØ± Ø§Ù„Ø¬Ø±Ø¯ Ø§Ù„Ø±Ø¦ÙŠØ³ÙŠ Ù„Ù„Ù…Ø®Ø²ÙˆÙ† ",
"Stock Ledger Entry",,
"Stock Liabilities","Ù…Ø·Ù„ÙˆØ¨Ø§Øª Ø§Ù„Ù…Ø®Ø²ÙˆÙ†",
"Stock Movement"," Ø­Ø±ÙƒØ© Ø§Ù„Ù…Ø®Ø²ÙˆÙ†",
"Stock Movement Item",,
"Stock Movement No."," Ø±Ù‚Ù… ØªÙ†Ù‚Ù„Ø§Øª Ø§Ù„Ù…Ø®Ø²ÙˆÙ† ",
"Stock Movement Number Series"," ØªØ³Ù„Ø³Ù„ ØªÙ†Ù‚Ù„Ø§Øª Ø§Ù„Ù…Ø®Ø²ÙˆÙ†",
"Stock Movement Print Template","  Ù‚Ø§Ù„Ø¨ Ø§Ù„Ø·Ø§Ø¨Ø¹Ø© ØªÙ†Ù‚Ù„Ø§Øª Ø§Ù„Ù…Ø®Ø²ÙˆÙ†",
"Stock Movements","Ø­Ø±ÙƒØ§Øª Ø§Ù„Ù…Ø®Ø²ÙˆÙ†",
"Stock Not Received","Ø§Ù„Ù…Ø®Ø²ÙˆÙ† ØºÙŠØ± Ù…Ø³ØªÙ„Ù…",
"Stock Not Shipped","Ø§Ù„Ù…Ø®Ø²ÙˆÙ† ØºÙŠØ± Ù…ÙØ±Ø³Ù„",
"Stock Not Transferred","Ø§Ù„Ù…Ø®Ø²ÙˆÙ† ØºÙŠØ± Ù…ÙØ­ÙˆÙ‘ÙŽÙ„",
"Stock Received But Not Billed","ØªÙ… Ø§Ø³ØªÙ„Ø§Ù… Ø§Ù„Ù…Ø®Ø²ÙˆÙ† ÙˆÙ„ÙƒÙ† Ù„Ù… ÙŠØªÙ… Ø¥ØµØ¯Ø§Ø± ÙØ§ØªÙˆØ±Ø© Ø¨Ù‡",
"Stock Received But Not Billed Acc."," Ø­Ø³Ø§Ø¨ Ø§Ø³ØªÙ„Ø§Ù… Ø§Ù„Ù…Ø®Ø²ÙˆÙ† Ù…Ù† Ø§Ù„Ù…ÙˆØ±Ø¯ ÙˆÙ„Ù… ÙŠØªÙ… Ø¥ØµØ¯Ø§Ø± ÙØ§ØªÙˆØ±Ø© ",
"Stock Transfer Item",,
"Stock Unit",,
StockTransfer,,
Stores," Ø§Ù„Ù…Ø®Ø§Ø²Ù†",
Su,,
"Submit","ØªØ³Ø¬ÙŠÙ„",
"Submit ${0}?","Ù‡Ù„ ØªØ±ÙŠØ¯ ØªØ³Ø¬ÙŠÙ„ ${0}ØŸ",
"Submit & Print","ØªØ³Ø¬ÙŠÙ„ ÙˆØ·Ø¨Ø§Ø¹Ø©",
"Submit entries?","Ù‡Ù„ ØªØ±ÙŠØ¯ ØªØ³Ø¬ÙŠÙ„ Ø§Ù„Ø¥Ø¯Ø®Ø§Ù„Ø§ØªØŸ",
"Submitted","Ù…ÙØ³Ø¬Ù‘ÙŽÙ„",
"Success","Ù†Ø¬Ø§Ø­",
"Supplier","Ø§Ù„Ù…ÙˆØ±Ø¯",
"Supplier Created","ØªÙ… Ø¥Ù†Ø´Ø§Ø¡ Ø§Ù„Ù…ÙˆØ±Ø¯",
"Suppliers","Ø§Ù„Ù…ÙˆØ±Ø¯ÙˆÙ†",
"Symbol","Ø§Ù„Ø±Ù…Ø²",
"System","Ø§Ù„Ù†Ø¸Ø§Ù…",
"System Settings","Ø¥Ø¹Ø¯Ø§Ø¯Ø§Øª Ø§Ù„Ù†Ø¸Ø§Ù…",
"System Setup","Ø¥Ø¹Ø¯Ø§Ø¯ Ø§Ù„Ù†Ø¸Ø§Ù…",
"Table","Ø¬Ø¯ÙˆÙ„",
"Target","Ø§Ù„Ù‡Ø¯Ù",
Tax,Ø§Ù„Ø¶Ø±ÙŠØ¨Ø©,
"Tax Account","Ø­Ø³Ø§Ø¨ Ø§Ù„Ø¶Ø±Ø§Ø¦Ø¨",
"Tax Amount",,
"Tax Assets","Ø§Ù„Ø£ØµÙˆÙ„ Ø§Ù„Ø¶Ø±ÙŠØ¨ÙŠØ©",
"Tax Detail","Ø§Ù„ØªÙØ§ØµÙŠÙ„ Ø§Ù„Ø¶Ø±ÙŠØ¨ÙŠØ©",
"Tax ID","Ø§Ù„Ù…Ø¹Ø±Ù‘Ù Ø§Ù„Ø¶Ø±ÙŠØ¨ÙŠ",
"Tax Invoice Account","Ø­Ø³Ø§Ø¨ ÙØ§ØªÙˆØ±Ø© Ø§Ù„Ø¶Ø±ÙŠØ¨Ø©",
"Tax Payment Account","Ø­Ø³Ø§Ø¨ Ø¯ÙØ¹ Ø§Ù„Ø¶Ø±ÙŠØ¨Ø©",
"Tax Rate","Ù…Ø¹Ø¯Ù„ Ø§Ù„Ø¶Ø±ÙŠØ¨Ø©",
"Tax Summary","Ù…Ù„Ø®Øµ Ø§Ù„Ø¶Ø±ÙŠØ¨Ø©",
"Tax Template","Ù‚Ø§Ù„Ø¨ Ø§Ù„Ø¶Ø±ÙŠØ¨Ø©",
"Tax Templates","Ù‚ÙˆØ§Ù„Ø¨ Ø§Ù„Ø¶Ø±ÙŠØ¨Ø©",
"Tax and Totals","Ø§Ù„Ø¶Ø±Ø§Ø¦Ø¨ ÙˆØ§Ù„Ø¥Ø¬Ù…Ø§Ù„ÙŠØ§Øª",
"Taxable Value","Ø§Ù„Ù‚ÙŠÙ…Ø© Ø§Ù„Ø®Ø§Ø¶Ø¹Ø© Ù„Ù„Ø¶Ø±ÙŠØ¨Ø©",
"Taxed Amount","Ø§Ù„Ù…Ø¨Ù„Øº Ø§Ù„Ø®Ø§Ø¶Ø¹ Ù„Ù„Ø¶Ø±ÙŠØ¨Ø©",
"Taxes","Ø§Ù„Ø¶Ø±Ø§Ø¦Ø¨",
"Taxes and Charges","Ø§Ù„Ø¶Ø±Ø§Ø¦Ø¨ ÙˆØ§Ù„Ø±Ø³ÙˆÙ…",
"Teal","Ø£Ø²Ø±Ù‚ Ù…Ø®Ø¶Ø±",
"Telephone Expenses","Ù…ØµØ§Ø±ÙŠÙ Ø§Ù„Ù‡Ø§ØªÙ",
"Template","Ù‚Ø§Ù„Ø¨",
"Template Builder","Ù…Ù†Ø´Ø¦ Ø§Ù„Ù‚ÙˆØ§Ù„Ø¨",
"Template Compilation Error","Ø®Ø·Ø£ ÙÙŠ ØªØ¬Ù…ÙŠØ¹ Ø§Ù„Ù‚Ø§Ù„Ø¨",
"Template Name","Ø§Ø³Ù… Ø§Ù„Ù‚Ø§Ù„Ø¨",
"Template Type","Ù†ÙˆØ¹ Ø§Ù„Ù‚Ø§Ù„Ø¨",
"Template file saved","ØªÙ… Ø­ÙØ¸ Ù…Ù„Ù Ø§Ù„Ù‚Ø§Ù„Ø¨",
"Temporary","Ù…Ø¤Ù‚Øª",
"Temporary Accounts","Ø­Ø³Ø§Ø¨Ø§Øª Ù…Ø¤Ù‚ØªØ©",
"Temporary Opening","Ø§Ù„Ø§ÙØªØªØ§Ø­ Ø§Ù„Ù…Ø¤Ù‚Øª",
"Terms","Ø§Ù„Ø´Ø±ÙˆØ·",
"Text","Ù†Øµ",
"Th","Ø§Ù„Ø®Ù…ÙŠØ³",
"The following characters cannot be used ${0} in a Number Series name.","Ù„Ø§ ÙŠÙ…ÙƒÙ† Ø§Ø³ØªØ®Ø¯Ø§Ù… Ø§Ù„Ø£Ø­Ø±Ù Ø§Ù„ØªØ§Ù„ÙŠØ© ${0} ÙÙŠ Ø§Ø³Ù… Ø³Ù„Ø³Ù„Ø© Ø§Ù„Ø£Ø±Ù‚Ø§Ù….",
"The following items have insufficient quantity for Shipment: ${0}","Ø§Ù„Ø¹Ù†Ø§ØµØ± Ø§Ù„ØªØ§Ù„ÙŠØ© Ù„Ø§ ØªØ­ØªÙˆÙŠ Ø¹Ù„Ù‰ ÙƒÙ…ÙŠØ© ÙƒØ§ÙÙŠØ© Ù„Ù„Ø´Ø­Ù†: ${0}",
"This Month","Ù‡Ø°Ø§ Ø§Ù„Ø´Ù‡Ø±",
"This Quarter","Ù‡Ø°Ø§ Ø§Ù„Ø±Ø¨Ø¹",
"This Year","Ù‡Ø°Ù‡ Ø§Ù„Ø³Ù†Ø©",
"This action is permanent","Ù‡Ø°Ø§ Ø§Ù„Ø¹Ù…Ù„ Ø¯Ø§Ø¦Ù…",
"This action is permanent and will cancel the following payment: ${0}","Ù‡Ø°Ø§ Ø§Ù„Ø¥Ø¬Ø±Ø§Ø¡ Ù†Ù‡Ø§Ø¦ÙŠ ÙˆØ³ÙŠØ¤Ø¯ÙŠ Ø¥Ù„Ù‰ Ø¥Ù„ØºØ§Ø¡ Ø§Ù„Ø¯ÙØ¹Ø© Ø§Ù„ØªØ§Ù„ÙŠØ©: ${0}",
"This action is permanent and will cancel the following payments: ${0}","Ù‡Ø°Ø§ Ø§Ù„Ø¥Ø¬Ø±Ø§Ø¡ Ù†Ù‡Ø§Ø¦ÙŠ ÙˆØ³ÙŠØ¤Ø¯ÙŠ Ø¥Ù„Ù‰ Ø¥Ù„ØºØ§Ø¡ Ø§Ù„Ø¯ÙØ¹Ø§Øª Ø§Ù„ØªØ§Ù„ÙŠØ©: ${0} ",
"This action is permanent and will delete associated ledger entries.","Ù‡Ø°Ø§ Ø§Ù„Ø¥Ø¬Ø±Ø§Ø¡ Ø¯Ø§Ø¦Ù… ÙˆØ³ÙŠØ¤Ø¯ÙŠ Ø¥Ù„Ù‰ Ø­Ø°Ù Ù‚ÙŠÙˆØ¯ Ø§Ù„Ø£Ø³ØªØ§Ø° Ø§Ù„Ù…Ø±ØªØ¨Ø·Ø©.",
"This action is permanent.","Ù‡Ø°Ø§ Ø§Ù„Ø¥Ø¬Ø±Ø§Ø¡ Ø¯Ø§Ø¦Ù….",
"Times New Roman","Times New Roman",
"To","Ø¥Ù„Ù‰",
"To Account",Ø§Ù„Ø­Ø³Ø§Ø¨,
"To Account and From Account can't be the same: ${0}","Ù„Ø§ ÙŠÙ…ÙƒÙ† Ø£Ù† ÙŠÙƒÙˆÙ† Ø­Ø³Ø§Ø¨ Ø§Ù„Ù…Ø±Ø³Ù„ Ø¥Ù„ÙŠÙ‡ ÙˆØ­Ø³Ø§Ø¨ Ø§Ù„Ù…Ø±Ø³Ù„ Ù†ÙØ³Ù‡: ${0}",
"To Date","Ø­ØªÙ‰ ØªØ§Ø±ÙŠØ®",
"To Loc.","Ø¥Ù„Ù‰ Ø§Ù„Ù…ÙˆÙ‚Ø¹",
"To Year","Ø­ØªÙ‰ Ø³Ù†Ø©",
"Toggle Edit Mode","ØªØ¨Ø¯ÙŠÙ„ ÙˆØ¶Ø¹ Ø§Ù„ØªØ­Ø±ÙŠØ±",
"Toggle Key Hints","ØªØ¨Ø¯ÙŠÙ„ ØªÙ„Ù…ÙŠØ­Ø§Øª Ø§Ù„Ù…ÙØ§ØªÙŠØ­",
"Toggle Linked Entries widget, not available in Quick Edit view.","ØªØ¨Ø¯ÙŠÙ„ Ø£Ø¯Ø§Ø© Ø§Ù„Ø¥Ø¯Ø®Ø§Ù„Ø§Øª Ø§Ù„Ù…Ø±ØªØ¨Ø·Ø©ØŒ ØºÙŠØ± Ù…ØªØ§Ø­Ø© ÙÙŠ Ø¹Ø±Ø¶ Ø§Ù„ØªØ­Ø±ÙŠØ± Ø§Ù„Ø³Ø±ÙŠØ¹.",
"Toggle between form and full width","Ø§Ù„ØªØ¨Ø¯ÙŠÙ„ Ø¨ÙŠÙ† Ø§Ù„Ù†Ù…ÙˆØ°Ø¬ ÙˆØ§Ù„Ø¹Ø±Ø¶ Ø§Ù„ÙƒØ§Ù…Ù„",
"Toggle sidebar","ØªØ¨Ø¯ÙŠÙ„ Ø§Ù„Ø´Ø±ÙŠØ· Ø§Ù„Ø¬Ø§Ù†Ø¨ÙŠ",
"Toggle the Create filter","ØªØ¨Ø¯ÙŠÙ„ Ø¹Ø§Ù…Ù„ Ø§Ù„ØªØµÙÙŠØ© Ù„Ù„Ø¥Ù†Ø´Ø§Ø¡",
"Toggle the Docs filter","ØªØ¨Ø¯ÙŠÙ„ Ø¹Ø§Ù…Ù„ Ø§Ù„ØªØµÙÙŠØ© Ù„Ù„Ù…Ø³ØªÙ†Ø¯Ø§Øª",
"Toggle the List filter","ØªØ¨Ø¯ÙŠÙ„ Ø¹Ø§Ù…Ù„ Ø§Ù„ØªØµÙÙŠØ© Ù„Ù„Ù‚Ø§Ø¦Ù…Ø©",
"Toggle the Page filter","ØªØ¨Ø¯ÙŠÙ„ Ø¹Ø§Ù…Ù„ Ø§Ù„ØªØµÙÙŠØ© Ù„Ù„ØµÙØ­Ø©",
"Toggle the Report filter","ØªØ¨Ø¯ÙŠÙ„ Ø¹Ø§Ù…Ù„ Ø§Ù„ØªØµÙÙŠØ© Ù„Ù„ØªÙ‚Ø±ÙŠØ±",
"Top Expenses","Ø£Ù‡Ù… Ø§Ù„Ù…ØµØ±ÙˆÙØ§Øª",
Total,Ø§Ø¬Ù…Ø§Ù„Ù‰,
"Total Amount",,
"Total Asset (Debit)","Ø§Ø¬Ù…Ø§Ù„Ù‰ Ø§Ù„Ø§ØµÙˆÙ„(Ù…ÙŠÙ†)",
"Total Debit: ${0} must be equal to Total Credit: ${1}",,
"Total Discount",,
"Total Equity (Credit)","Ø§Ø¬Ù…Ø§Ù„Ù‰ Ø­Ù‚ÙˆÙ‚ Ø§Ù„Ù…Ù„ÙƒÙŠØ©(Ø¯Ø§Ø¦Ù†)",
"Total Expense (Debit)","Ø§Ø¬Ù…Ø§Ù„Ù‰ Ø§Ù„Ù…ØµØ±ÙˆÙØ§Øª(Ù…Ø¯ÙŠÙ†)",
"Total Income (Credit)","Ø§Ø¬Ù…Ø§Ù„Ù‰ Ø§Ù„Ø¯Ø®Ù„(Ø¯Ø§Ø¦Ù†)",
"Total Liability (Credit)","Ø§Ø¬Ù…Ø§Ù„Ù‰ Ø§Ù„Ø§Ù„ØªØ²Ø§Ù…Ø§Øª(Ø¯Ø§Ø¦Ù†)",
"Total Profit","Ø§Ø¬Ù…Ø§Ù„Ù‰ Ø§Ù„Ø±Ø¨Ø­",
"Total Quantity","Ø¥Ø¬Ù…Ø§Ù„ÙŠ Ø§Ù„ÙƒÙ…ÙŠØ©",
"Total Spending","Ø¥Ø¬Ù…Ø§Ù„ÙŠ Ø§Ù„Ø¥Ù†ÙØ§Ù‚",
"Track Inventory",,
Transfer,ØªØ­ÙˆÙŠÙ„,
"Transfer No"," Ø±Ù‚Ù… Ù†Ù‚Ù„ Ø§Ù„Ø´Ø­Ù†Ø©",
"Transfer Type","Ù†ÙˆØ¹ Ø§Ù„ØªØ­ÙˆÙŠÙ„",
"Transfer Unit","ÙˆØ­Ø¯Ø© Ø§Ù„ØªØ­ÙˆÙŠÙ„",
"Transfer Unit ${0} is not applicable for Item ${1}","ÙˆØ­Ø¯Ø© Ø§Ù„ØªØ­ÙˆÙŠÙ„ ${0} ØºÙŠØ± Ù‚Ø§Ø¨Ù„Ø© Ù„Ù„ØªØ·Ø¨ÙŠÙ‚ Ø¹Ù„Ù‰ Ø§Ù„ØµÙ†Ù ${1}",
"Transfer will cause future entries to have negative stock.","Ø³ÙŠØ¤Ø¯ÙŠ Ø§Ù„ØªØ­ÙˆÙŠÙ„ Ø¥Ù„Ù‰ Ø£Ù† ØªÙƒÙˆÙ† Ù‚ÙŠÙˆØ¯ Ø§Ù„Ù…Ø®Ø²ÙˆÙ† Ø§Ù„Ù…Ø³ØªÙ‚Ø¨Ù„ÙŠØ© Ø³Ø§Ù„Ø¨Ø©.",
"Travel Expenses","Ù…ØµØ§Ø±ÙŠÙ Ø§Ù„Ø³ÙØ±",
"Trial Balance","Ù…ÙŠØ²Ø§Ù† Ø§Ù„Ù…Ø±Ø§Ø¬Ø¹Ø©",
"Tu","Ø§Ù„Ø«Ù„Ø§Ø«Ø§Ø¡",
"Type","Ø§Ù„Ù†ÙˆØ¹",
"Type to search...","Ø§ÙƒØªØ¨ Ù„Ù„Ø¨Ø­Ø«...",
"UOM","ÙˆØ­Ø¯Ø© Ø§Ù„Ù‚ÙŠØ§Ø³",
"UOM Conversion Item","Ø¹Ù†ØµØ± ØªØ­ÙˆÙŠÙ„ ÙˆØ­Ø¯Ø© Ø§Ù„Ù‚ÙŠØ§Ø³",
"UOM Conversions","ØªØ­ÙˆÙŠÙ„Ø§Øª ÙˆØ­Ø¯Ø© Ø§Ù„Ù‚ÙŠØ§Ø³",
"Unit","ÙˆØ­Ø¯Ø©",
"Unit Type","Ù†ÙˆØ¹ Ø§Ù„ÙˆØ­Ø¯Ø©",
"Unpaid","ØºÙŠØ± Ù…Ø¯ÙÙˆØ¹",
"Unpaid ${0}","${0} ØºÙŠØ± Ù…Ø¯ÙÙˆØ¹Ø©",
"Unsecured Loans","Ù‚Ø±ÙˆØ¶ ØºÙŠØ± Ù…Ø¶Ù…ÙˆÙ†Ø©",
"Until Date","Ø­ØªÙ‰ ØªØ§Ø±ÙŠØ®",
"Use Full Width","Ø§Ø³ØªØ®Ø¯Ø§Ù… Ø§Ù„Ø¹Ø±Ø¶ Ø§Ù„ÙƒØ§Ù…Ù„",
"Use List Filters","Ø§Ø³ØªØ®Ø¯Ø§Ù… Ø¹ÙˆØ§Ù…Ù„ ØªØµÙÙŠØ© Ø§Ù„Ù‚Ø§Ø¦Ù…Ø©",
"User Remark","Ù…Ù„Ø§Ø­Ø¸Ø© Ø§Ù„Ù…Ø³ØªØ®Ø¯Ù…",
"Utility Expenses","Ù†ÙÙ‚Ø§Øª Ø§Ù„Ù…Ø±Ø§ÙÙ‚",
"Validation Error","Ø®Ø·Ø£ ÙÙŠ Ø§Ù„ØªØ­Ù‚Ù‚",
"Value","Ø§Ù„Ù‚ÙŠÙ…Ø©",
"Value missing for ${0}","Ø§Ù„Ù‚ÙŠÙ…Ø© Ù…ÙÙ‚ÙˆØ¯Ø© Ù„Ù€ ${0}",
"Value: ${0}","Ø§Ù„Ù‚ÙŠÙ…Ø©: ${0}",
"Version","Ø§Ù„Ø¥ØµØ¯Ø§Ø±",
"View","Ø¹Ø±Ø¶",
"View Accounting Entries","Ø¹Ø±Ø¶ Ø§Ù„Ù‚ÙŠÙˆØ¯ Ø§Ù„Ù…Ø­Ø§Ø³Ø¨ÙŠØ©",
"View Paid Invoices","Ø¹Ø±Ø¶ Ø§Ù„ÙÙˆØ§ØªÙŠØ± Ø§Ù„Ù…Ø¯ÙÙˆØ¹Ø©",
"View Purchases","Ø¹Ø±Ø¶ Ø§Ù„Ù…Ø´ØªØ±ÙŠØ§Øª",
"View Sales","Ø¹Ø±Ø¶ Ø§Ù„Ù…Ø¨ÙŠØ¹Ø§Øª",
"View Stock Entries","Ø¹Ø±Ø¶ Ø¥Ø¯Ø®Ø§Ù„Ø§Øª Ø§Ù„Ù…Ø®Ø²ÙˆÙ†",
"View Unpaid Invoices","Ø¹Ø±Ø¶ Ø§Ù„ÙÙˆØ§ØªÙŠØ± ØºÙŠØ± Ø§Ù„Ù…Ø¯ÙÙˆØ¹Ø©",
"View linked entries","Ø¹Ø±Ø¶ Ø§Ù„Ø¥Ø¯Ø®Ø§Ù„Ø§Øª Ø§Ù„Ù…Ø±ØªØ¨Ø·Ø©",
"We","Ø§Ù„Ø£Ø±Ø¨Ø¹Ø§Ø¡",
"Welcome to Viti Books","Ù…Ø±Ø­Ø¨Ù‹Ø§ Ø¨Ùƒ ÙÙŠ Frappe Books",
"Width (in cm)","Ø§Ù„Ø¹Ø±Ø¶ (Ø¨Ø§Ù„Ø³Ù†ØªÙŠÙ…ØªØ±)",
"Write Off","Ø´Ø·Ø¨",
"Write Off Account","Ø­Ø³Ø§Ø¨ Ø§Ù„Ø´Ø·Ø¨",
"Write Off Account ${0} does not exist. Please set Write Off Account in General Settings","Ø­Ø³Ø§Ø¨ Ø§Ù„Ø´Ø·Ø¨ ${0} ØºÙŠØ± Ù…ÙˆØ¬ÙˆØ¯. ÙŠØ±Ø¬Ù‰ ØªØ¹ÙŠÙŠÙ† Ø­Ø³Ø§Ø¨ Ø§Ù„Ø´Ø·Ø¨ ÙÙŠ Ø§Ù„Ø¥Ø¹Ø¯Ø§Ø¯Ø§Øª Ø§Ù„Ø¹Ø§Ù…Ø©",
"Write Off Account not set. Please set Write Off Account in General Settings","Ø´Ø·Ø¨ Ø§Ù„Ø­Ø³Ø§Ø¨ Ù„Ù… ÙŠØªÙ… ØªØ¹ÙŠÙŠÙ†Ù‡. ÙŠØ±Ø¬Ù‰ ØªØ¹ÙŠÙŠÙ† Ø­Ø³Ø§Ø¨ Ø§Ù„Ø´Ø·Ø¨ ÙÙŠ Ø§Ù„Ø¥Ø¹Ø¯Ø§Ø¯Ø§Øª Ø§Ù„Ø¹Ø§Ù…Ø©",
"Write Off Entry","Ù‚ÙŠØ¯ Ø§Ù„Ø´Ø·Ø¨",
"Year to Date","Ù…Ù†Ø° Ø¨Ø¯Ø§ÙŠØ© Ø§Ù„Ø³Ù†Ø© Ø­ØªÙ‰ Ø§Ù„ÙŠÙˆÙ…",
"Yearly","Ø³Ù†ÙˆÙŠ",
"Years","Ø³Ù†ÙˆØ§Øª",
"Yellow","Ø£ØµÙØ±",
"Yes","Ù†Ø¹Ù…",
"check values and click on","ØªØ­Ù‚Ù‚ Ù…Ù† Ø§Ù„Ù‚ÙŠÙ… ÙˆØ§Ù†Ù‚Ø± Ø¹Ù„Ù‰",
"in Batch ${0}","ÙÙŠ Ø§Ù„Ø¯ÙØ¹Ø© ${0}",
"john@doe.com","john@doe.com",
"to apply changes","Ù„ØªØ·Ø¨ÙŠÙ‚ Ø§Ù„ØªØºÙŠÙŠØ±Ø§Øª",
"Close Quick Search","Ø¥ØºÙ„Ø§Ù‚ Ø§Ù„Ø¨Ø­Ø« Ø§Ù„Ø³Ø±ÙŠØ¹",
"Applicable when POS is open","ÙŠÙ†Ø·Ø¨Ù‚ Ø¹Ù†Ø¯ ÙØªØ­ Ù†Ù‚Ø·Ø© Ø§Ù„Ø¨ÙŠØ¹",
"Toggle between Grid and List view","Ø§Ù„ØªØ¨Ø¯ÙŠÙ„ Ø¨ÙŠÙ† Ø¹Ø±Ø¶ Ø§Ù„Ø´Ø¨ÙƒØ© ÙˆØ§Ù„Ù‚Ø§Ø¦Ù…Ø©",
"Open Sales Invoice List","ÙØªØ­ Ù‚Ø§Ø¦Ù…Ø© ÙÙˆØ§ØªÙŠØ± Ø§Ù„Ù…Ø¨ÙŠØ¹Ø§Øª",
"Set Loyalty Program","ØªØ¹ÙŠÙŠÙ† Ø¨Ø±Ù†Ø§Ù…Ø¬ Ø§Ù„ÙˆÙ„Ø§Ø¡",
"Set Coupon Code","ØªØ¹ÙŠÙŠÙ† Ø±Ù…Ø² Ø§Ù„Ù‚Ø³ÙŠÙ…Ø©",
"Set Price List","ØªØ¹ÙŠÙŠÙ† Ù‚Ø§Ø¦Ù…Ø© Ø§Ù„Ø£Ø³Ø¹Ø§Ø±",
"Open Saved or Submitted Invoice List.","ÙØªØ­ Ù‚Ø§Ø¦Ù…Ø© Ø§Ù„ÙÙˆØ§ØªÙŠØ± Ø§Ù„Ù…Ø­ÙÙˆØ¸Ø© Ø£Ùˆ Ø§Ù„Ù…Ø³Ø¬Ù‘Ù„Ø©.",
"If any entry form is open, save the details. Otherwise, save the invoice.","Ø¥Ø°Ø§ ÙƒØ§Ù† Ù†Ù…ÙˆØ°Ø¬ Ø§Ù„Ø¥Ø¯Ø®Ø§Ù„ Ù…ÙØªÙˆØ­Ù‹Ø§ØŒ Ø§Ø­ÙØ¸ Ø§Ù„ØªÙØ§ØµÙŠÙ„. ÙˆØ¥Ù„Ø§ØŒ ÙØ§Ø­ÙØ¸ Ø§Ù„ÙØ§ØªÙˆØ±Ø©.",
"Create Payment.","Ø¥Ù†Ø´Ø§Ø¡ Ø¯ÙØ¹Ø©.",
"If any entry form is open, your entry will be canceled. Otherwise the selected items will be removed.","Ø¥Ø°Ø§ ÙƒØ§Ù† Ù†Ù…ÙˆØ°Ø¬ Ø§Ù„Ø¥Ø¯Ø®Ø§Ù„ Ù…ÙØªÙˆØ­Ù‹Ø§ØŒ ÙØ³ÙŠØªÙ… Ø¥Ù„ØºØ§Ø¡ Ø§Ù„Ø¥Ø¯Ø®Ø§Ù„. ÙˆØ¥Ù„Ø§ ÙØ³ØªÙØ²Ø§Ù„ Ø§Ù„Ø¹Ù†Ø§ØµØ± Ø§Ù„Ù…Ø­Ø¯Ø¯Ø©.",
"Open POS Shift","ÙØªØ­ Ù…Ù†Ø§ÙˆØ¨Ø© Ù†Ù‚Ø·Ø© Ø§Ù„Ø¨ÙŠØ¹",
"Close POS Shift","Ø¥ØºÙ„Ø§Ù‚ Ù…Ù†Ø§ÙˆØ¨Ø© Ù†Ù‚Ø·Ø© Ø§Ù„Ø¨ÙŠØ¹",
"Cash In Denominations","Ø§Ù„Ù†Ù‚Ø¯ Ø¨Ø§Ù„ÙØ¦Ø§Øª",
"Search Item (Name or Barcode)","Ø§Ø¨Ø­Ø« Ø¹Ù† ØµÙ†Ù (Ø¨Ø§Ù„Ø§Ø³Ù… Ø£Ùˆ Ø§Ù„Ø¨Ø§Ø±ÙƒÙˆØ¯)",
"Sales Invoice List","Ù‚Ø§Ø¦Ù…Ø© ÙÙˆØ§ØªÙŠØ± Ø§Ù„Ù…Ø¨ÙŠØ¹Ø§Øª",
"Loyalty Program","Ø¨Ø±Ù†Ø§Ù…Ø¬ Ø§Ù„ÙˆÙ„Ø§Ø¡",
"Closing Cash","Ø§Ù„Ø§ØºÙ„Ø§Ù‚ Ø§Ù„Ù†Ù‚Ø¯ÙŠ",
"Closing Amounts","Ù…Ø¨Ø§Ù„Øº Ø§Ù„Ø§ØºÙ„Ø§Ù‚",
"Qty","Ø§Ù„ÙƒÙ…ÙŠØ©",
"Held","Ù…Ø¹Ù„Ù‘Ù‚Ø©",
"Grid View","Ø¹Ø±Ø¶ Ø§Ù„Ø´Ø¨ÙƒØ©",
"Buy","Ø´Ø±Ø§Ø¡",
"Hold Q and type digits to set selected item quantity","Ø§Ø³ØªÙ…Ø± Ø¨Ø§Ù„Ø¶ØºØ· Ø¹Ù„Ù‰ Q Ø«Ù… Ø§ÙƒØªØ¨ Ø§Ù„Ø£Ø±Ù‚Ø§Ù… Ù„ØªØ¹ÙŠÙŠÙ† ÙƒÙ…ÙŠØ© Ø§Ù„ØµÙ†Ù Ø§Ù„Ù…Ø­Ø¯Ø¯",


